DBN,SCHOOL,SCHOOL LEVEL*,2009-2010 OVERALL SCORE
01M015,P.S. 015 Roberto Clemente,Elementary,37.6
01M019,P.S. 019 Asher Levy,Elementary,35.7
01M020,P.S. 020 Anna Silver,Elementary,70.3
01M034,P.S. 034 Franklin D. Roosevelt,K-8,53
01M063,P.S. 063 William McKinley,Elementary,54
01M064,P.S. 064 Robert Simon,Elementary,31
01M110,P.S. 110 Florence Nightingale,Elementary,25.4
01M134,P.S. 134 Henrietta Szold,Elementary,54.2
01M137,P.S. 137 John L. Bernstein,Elementary,20.1
01M140,P.S. 140 Nathan Straus,K-8,43
01M142,P.S. 142 Amalia Castro,Elementary,50.3
01M184,P.S. 184m Shuang Wen,K-8,92.1
01M188,P.S. 188 The Island School,K-8,16.8
01M292,Henry Street School for International Studies,High School,40
01M292,Henry Street School for International Studies,Middle,33.7
01M301,"Technology, Arts, and Sciences Studio",Middle,40.9
01M315,The East Village Community School,Elementary,22.8
01M332,University Neighborhood Middle School,Middle,51.1
01M345,"Collaborative Academy of Science, Technology, & Language-Arts Education",Middle,44.6
01M361,The Children's Workshop School,Elementary,34.3
01M363,Neighborhood School,Elementary,33.1
01M364,Earth School,Elementary,22
01M378,School for Global Leaders,Middle,56.5
01M448,University Neighborhood High School,High School,47.8
01M450,East Side Community School,High School,84
01M450,East Side Community School,Middle,76.9
01M509,Marta Valle High School,High School,62.6
01M515,Lower East Side Preparatory High School,High School Transfer,90.1
01M539,"New Explorations into Science, Technology and Math",High School,67.2
01M539,"New Explorations into Science, Technology and Math",K-8,80.2
01M650,Cascades High School,High School Transfer,72.4
01M696,Bard High School Early College,High School,60.9
01M839,Tompkins Square Middle School,Middle,84.4
02M001,P.S. 001 Alfred E. Smith,Elementary,41.2
02M002,P.S. 002 Meyer London,Elementary,87.5
02M003,P.S. 003 Charrette School,Elementary,47.8
02M006,P.S. 006 Lillie D. Blake,Elementary,45.6
02M011,P.S. 011 William T. Harris,Elementary,74
02M033,P.S. 033 Chelsea Prep,Elementary,62.2
02M040,P.S. 040 Augustus Saint-Gaudens,Elementary,63.7
02M041,P.S. 041 Greenwich Village,Elementary,58.2
02M042,P.S. 042 Benjamin Altman,Elementary,82.6
02M047,47 The American Sign Language and English Secondary School,High School,76.6
02M047,47 The American Sign Language and English Secondary School,Middle,
02M051,P.S. 051 Elias Howe,Elementary,57.2
02M059,P.S. 059 Beekman Hill International,Elementary,43.8
02M077,P.S. 77 Lower Lab School,Elementary,76.3
02M089,P.S. 89,Elementary,47.6
02M104,J.H.S. 104 Simon Baruch,Middle,53
02M111,P.S. 111 Adolph S. Ochs,K-8,52.6
02M114,East Side Middle School,Middle,78.3
02M116,P.S. 116 Mary Lindley Murray,Elementary,51.3
02M124,P.S. 124 Yung Wing,Elementary,67.3
02M126,P.S. 126 Jacob August Riis,K-8,75
02M130,P.S. 130 Hernando De Soto,Elementary,88.3
02M131,M.S. 131,Middle,61.9
02M150,P.S. 150,Elementary,52.4
02M158,P.S. 158 Bayard Taylor,Elementary,79.7
02M167,J.H.S. 167 Robert F. Wagner,Middle,53.9
02M183,P.S. 183 Robert L. Stevenson,Elementary,49.1
02M198,P.S. 198 Isador E. Ida Straus,Elementary,42.8
02M212,P.S. 212 Midtown West,Elementary,59.5
02M217,P.S./I.S. 217 Roosevelt Island,K-8,45.4
02M225,Ella Baker School,K-8,50.9
02M234,P.S. 234 Independence School,Elementary,55.1
02M255,M.S. 255 Salk School of Science,Middle,53.1
02M260,M.S. 260 Clinton School Writers & Artists,Middle,74.4
02M288,Food and Finance High School,High School,83.9
02M289,I.S. 289,Middle,59.1
02M290,P.S. 290 Manhattan New School,Elementary,78.7
02M294,Essex Street Academy,High School,84.2
02M296,High School of Hospitality Management,High School,85.3
02M298,Pace High School,High School,90.9
02M300,"Urban Assembly School of Design and Construction, The",High School,66.7
02M303,"Facing History School, The",High School,64.5
02M305,"Urban Assembly Academy of Government and Law, The",High School,58.3
02M308,Lower Manhattan Arts Academy,High School,86.2
02M312,New York City Lab Middle School for Collaborative Studies,Middle,77
02M313,"James Baldwin School, The: A School for Expeditionary Learning",High School Transfer,43.5
02M316,"Urban Assembly School of Business for Young Women, the",High School,62.8
02M347,The 47 American Sign Language & English Lower School,K-8,49.2
02M374,Gramercy Arts High School,High School,63.7
02M376,NYC iSchool,High School,
02M392,MANHATTAN BUSINESS ACADEMY,High School,
02M393,BUSINESS OF SPORTS SCHOOL,High School,
02M394,EMMA LAZARUS HIGH SCHOOL,High School Transfer,
02M399,THE HIGH SCHOOL FOR LANGUAGE AND DIPLOMACY,High School,
02M400,High School for Environmental Studies,High School,65.4
02M407,Institute for Collaborative Education,High School,62.4
02M407,Institute for Collaborative Education,Middle,11
02M408,Professional Performing Arts High School,High School,71.6
02M408,Professional Performing Arts High School,Middle,62.4
02M411,Baruch College Campus High School,High School,74.5
02M412,N.Y.C. Lab School for Collaborative Studies,High School,74.9
02M413,School of the Future High School,High School,76.5
02M413,School of the Future High School,Middle,45
02M414,N.Y.C. Museum School,High School,81.8
02M416,Eleanor Roosevelt High School,High School,80.7
02M418,Millennium High School,High School,76.9
02M419,Landmark High School,High School,54
02M420,High School for Health Professions and Human Services,High School,49.1
02M422,Quest to Learn,Middle,
02M425,Leadership and Public Service High School,High School,58.1
02M429,Legacy School for Integrated Studies,High School,51
02M439,Manhattan Village Academy,High School,96.6
02M440,Bayard Rustin Educational Complex,High School,
02M442,"Ballet Tech, NYC Public School for Dance",K-8,34.3
02M449,Vanguard High School,High School,53.7
02M459,Manhattan International High School,High School,70.8
02M460,Washington Irving High School,High School,51.6
02M473,Washington Irving YABC,YABC,64.2
02M475,Stuyvesant High School,High School,72.2
02M489,High School of Economics and Finance,High School,57.2
02M500,Unity Center for Urban Technologies,High School,89.3
02M519,Talent Unlimited High School,High School,74
02M520,Murry Bergtraum High School for Business Careers,High School,42.8
02M529,Jacqueline Kennedy Onassis High School,High School,58.5
02M531,Repertory Company High School for Theatre Arts,High School,73.9
02M542,Manhattan Bridges High School,High School,93.9
02M543,New Design High School,High School,70.3
02M544,Independence High School,High School Transfer,55.3
02M545,High School for Dual Language and Asian Studies,High School,90.5
02M550,Liberty High School Academy for Newcomers,High School Transfer,72.4
02M551,New York Harbor School,High School,80.1
02M560,High School M560 - City As School,High School Transfer,63.5
02M565,Urban Academy Laboratory High School,High School Transfer,73.2
02M570,Satellite Academy High School,High School Transfer,32.2
02M575,Manhattan Comprehensive Night and Day High School,High School Transfer,79.5
02M580,Richard R. Green High School of Teaching,High School,50.7
02M586,Harvey Milk High School,High School Transfer,68.8
02M600,The High School of Fashion Industries,High School,92.4
02M605,Humanities Preparatory Academy,High School Transfer,58.8
02M615,Chelsea Career and Technical Education High School,High School,55.8
02M620,Norman Thomas High School,High School,36
02M625,High School of Graphic Communication Arts,High School,41.5
02M630,Art and Design High School,High School,61.8
02M655,Life Sciences Secondary School,High School,72.2
02M655,Life Sciences Secondary School,Middle,32.8
02M690,School for the Physical City High School,High School,
02M896,Lower Manhattan Community Middle School,Middle,40.4
03M009,P.S. 009 Sarah Anderson,Elementary,57.7
03M044,J.H.S. M044 William J. O'Shea,Middle,
03M054,J.H.S. 054 Booker T. Washington,Middle,61.9
03M075,P.S. 075 Emily Dickinson,Elementary,33.5
03M076,P.S. 076 A. Philip Randolph,Elementary,27.1
03M084,P.S. 084 Lillian Weber,Elementary,23.3
03M087,P.S. 087 William Sherman,Elementary,41.5
03M145,"P.S. 145, The Bloomingdale School",Elementary,47.6
03M149,P.S. 149 Sojourner Truth,K-8,45.2
03M163,P.S. 163 Alfred E. Smith,Elementary,39.2
03M165,P.S. 165 Robert E. Simon,K-8,43.8
03M166,P.S. 166 The Richard Rodgers School of The Arts and Technology,Elementary,19.8
03M180,P.S. 180 Hugo Newman,K-8,40.4
03M185,P.S. 185 John M. Langston,K-2,20.7
03M191,P.S. 191 Amsterdam,K-8,34.3
03M199,P.S. 199 Jessie Isador Straus,Elementary,67
03M208,P.S. 208 Alain L. Locke,Elementary,36.7
03M241,P.S. 241 Family Academy,K-8,37
03M242,P.S. M242 - Gwendolyn Powell Brown Computer School,Elementary,27.9
03M243,M.S. 243 Center School,Middle,50
03M245,M.S. M245 The Computer School,Middle,43.8
03M246,M.S. M246 Crossroads School,Middle,
03M247,M.S. M247 Dual Language Middle School,Middle,76.3
03M250,M.S. 250 West Side Collaborative Middle School,Middle,71.4
03M256,M.S. 256 Academic & Athletic Excellence,Middle,32.6
03M258,Community Action School - MS 258,Middle,64
03M283,Manhattan Theatre Lab High School,High School,48
03M299,"High School for Arts, Imagination and Inquiry",High School,67.6
03M307,"Urban Assembly School for Media Studies, The",High School,74.1
03M333,P.S. 333 Manhattan School for Children,K-8,27.9
03M334,The Anderson School,K-8,91
03M402,THE URBAN ASSEMBLY SCHOOL FOR GREEN CAREERS,High School,
03M403,THE GLOBAL LEARNING COLLABORATIVE,High School,
03M404,INNOVATION DIPLOMA PLUS,High School Transfer,
03M415,Wadleigh Secondary School for the Performing & Visual Arts,High School,60
03M415,Wadleigh Secondary School for the Performing & Visual Arts,Middle,39.4
03M421,WEST PREP ACADEMY,Middle,
03M470,Louis D. Brandeis High School,High School,
03M479,Beacon High School,High School,74.5
03M485,Fiorello H. LaGuardia High School of Music & Art and Performing Arts,High School,79
03M492,"High School for Law, Advocacy and Community Justice",High School,85.7
03M494,High School of Arts and Technology,High School,62.2
03M505,Edward A. Reynolds West Side High School,High School Transfer,56.4
03M541,Manhattan / Hunter Science High School,High School,61.4
03M577,Brandeis YABC,YABC,49
03M859,Special Music School,K-8,75.3
03M860,Frederick Douglass Academy II Secondary School,High School,54.1
03M860,Frederick Douglass Academy II Secondary School,Middle,15.5
03M862,Mott Hall II,Middle,66.7
04M007,P.S. 007 Samuel Stern,K-8,61.4
04M012,Tag Young Scholars,K-8,58.9
04M013,J.H.S. 013 Jackie Robinson,Middle,22.7
04M037,River East Elementary,Elementary,56.2
04M038,P.S. 38 Roberto Clemente,Elementary,29.9
04M045,M.S. 45/S.T.A.R.S. Prep Academy,Middle,35.2
04M050,P.S. 050 Vito Marcantonio,K-8,27.9
04M057,James Weldon Johnson,K-8,74.5
04M072,The Lexington Academy,Elementary,58.6
04M083,P.S. 083 Luis Munoz Rivera,Elementary,84.1
04M096,P.S. 096 Joseph Lanzetta,K-8,26.4
04M101,P.S. 101 Andrew Draper,Middle,
04M102,P.S. 102 Jacques Cartier,Elementary,74
04M108,P.S. 108 Assemblyman Angelo Del Toro Educational Complex,K-8,46.4
04M112,P.S. 112 Jose Celso Barbosa,K-2,40.1
04M117,Tito Puente Education Complex,Middle,
04M146,P.S. 146 Ann M. Short,Elementary,19.8
04M155,P.S. 155 William Paca,Elementary,40.9
04M171,P.S. 171 Patrick Henry,K-8,64.8
04M182,The Bilingual Bicultural School,Elementary,79.7
04M206,P.S. 206 Jose Celso Barbosa,Elementary,34.4
04M224,M.S. 224 Manhattan East School for Arts & Academics,Middle,40.4
04M372,ESPERANZA PREPARATORY ACADEMY,Middle,62.8
04M375,Mosaic Preparatory Academy,Elementary,53.6
04M377,Renaissance School of the Arts,Middle,68.9
04M381,Global Neighborhood Secondary School,Middle,40.3
04M406,GLOBAL TECHNOLOGY PREPARATORY,Middle,
04M409,Coalition School for Social Change,High School,55.5
04M435,Manhattan Center for Science and Mathematics,High School,60.9
04M495,Park East High School,High School,82.6
04M497,Central Park East I,Elementary,21.7
04M555,Central Park East High School,High School,72.3
04M610,Young Women's Leadership School,High School,70.4
04M610,Young Women's Leadership School,Middle,24.6
04M635,Academy of Environmental Science Secondary High School,High School,32.7
04M635,Academy of Environmental Science Secondary High School,Middle,
04M680,"Heritage School, The",High School,50.7
04M695,Urban Peace Academy,High School,
04M825,Isaac Newton Middle School for Math & Science,Middle,22.9
04M964,Central Park East II,Elementary,40.7
05M030,P.S. 030 Hernandez/Hughes,Elementary,62.3
05M036,P.S. 036 Margaret Douglas,K-3,26.9
05M046,P.S. 046 Arthur Tappan,Elementary,32.3
05M092,P.S. 092 Mary McLeod Bethune,Elementary,42.1
05M123,P.S. 123 Mahalia Jackson,K-8,25.8
05M125,P.S. 125 Ralph Bunche,Elementary,42.6
05M129,P.S. 129 John H. Finley,K-8,50
05M133,P.S. 133 Fred R Moore,Elementary,33.2
05M154,P.S. 154 Harriet Tubman,Elementary,35.1
05M161,P.S. 161 Pedro Albizu Campos,K-8,51.9
05M175,P.S. 175 Henry H Garnet,Elementary,52.9
05M194,P.S. 194 Countee Cullen,Elementary,35.4
05M195,I.S. 195 Roberto Clemente,Middle,22
05M197,P.S. 197 John B. Russwurm,Elementary,56.6
05M200,P.S. 200- The James Mccune Smith School,Elementary,43.5
05M285,Harlem Renaissance High School,High School Transfer,49.9
05M286,I.S. M286 Renaissance Military Leadership Academy,Middle,33.4
05M302,KAPPA IV,Middle,53.6
05M304,Mott Hall High School,High School,65.5
05M317,Kappa II,Middle,25.7
05M318,Thurgood Marshall Academy Lower School,Elementary,32
05M344,Academy of Collaborative Education,Middle,13.7
05M362,Columbia Secondary School,Middle,22.9
05M367,Academy for Social Action: A College Board School,High School,
05M367,Academy for Social Action: A College Board School,Middle,43
05M369,Urban Assembly School for the Performing Arts,High School,70.9
05M410,THE URBAN ASSEMBLY INSTITUTE FOR NEW TECHNOLOGIES,Middle,
05M469,Choir Academy of Harlem,High School,62.5
05M469,Choir Academy of Harlem,Middle,31.6
05M499,Frederick Douglass Academy,High School,40.6
05M499,Frederick Douglass Academy,Middle,39.6
05M670,Thurgood Marshall Academy for Learning and Social Change,High School,63.1
05M670,Thurgood Marshall Academy for Learning and Social Change,Middle,24.1
05M685,Bread & Roses Integrated Arts High School,High School,43
05M692,"High School for Mathematics, Science and Engineering at City College",High School,76.2
06M004,P.S. 004 Duke Ellington,Elementary,50.7
06M005,P.S. 005 Ellen Lurie,Elementary,54.5
06M008,P.S. 008 Luis Belliard,Elementary,60.8
06M018,P.S. 018 Park Terrace,K-8,54.1
06M028,P.S. 028 Wright Brothers,Elementary,58.6
06M048,P.S. 048 P.O. Michael J. Buczek,Elementary,46.4
06M052,J.H.S. 052 Inwood,Middle,63
06M098,P.S. 098 Shorac Kappock,Elementary,48.2
06M115,P.S. 115 Alexander Humboldt,Elementary,9.3
06M128,P.S. 128 Audubon,Elementary,48.8
06M132,P.S. 132 Juan Pablo Duarte,Elementary,45.3
06M143,J.H.S. 143 Eleanor Roosevelt,Middle,45
06M152,P.S. 152 Dyckman Valley,Elementary,41.4
06M153,P.S. 153 Adam Clayton Powell,Elementary,79
06M173,P.S. 173,Elementary,55.8
06M178,Professor Juan Bosch Public School,K-2,30
06M187,P.S./I.S. 187 Hudson Cliffs,K-8,57.5
06M189,P.S. 189,Elementary,62.2
06M192,P.S. 192 Jacob H. Schiff,Elementary,38.6
06M210,P.S./I.S. 210 - Twenty-first Century Academy for Community Leadership,K-8,47.4
06M218,I.S. 218 Salome Urena,Middle,51.7
06M223,The Mott Hall School,Middle,72.5
06M278,Paula Hedbavny School,K-8,50
06M293,City College Academy of the Arts,High School,
06M293,City College Academy of the Arts,Middle,75.6
06M311,Amistad Dual Language School,K-8,78.5
06M314,Muscota,Elementary,50.8
06M319,M.S. 319 - Maria Teresa,Middle,71.7
06M321,M.S. 321 - Minerva,Middle,
06M322,Middle School 322,Middle,51.8
06M324,M.S. 324 - Patria Mirabal,Middle,69.2
06M325,P.S. 325,Elementary,15.1
06M326,M.S. 326 - Writers Today & Leaders Tomorrow,Middle,63.8
06M328,M.S. 328 - Manhattan Middle School for Scientific Inquiry,Middle,55.2
06M346,Community Health Academy of the Heights,High School,
06M346,Community Health Academy of the Heights,Middle,31.1
06M348,Washington Heights Expeditionary Learning School,High School,
06M348,Washington Heights Expeditionary Learning School,Middle,54.5
06M349,Harbor Heights,Middle,80.5
06M366,Washington Heights Academy,Elementary,42.9
06M368,Hamilton Heights School,Elementary,31.1
06M423,High School for Excellence and Innovation,High School Transfer,
06M457,George Washington YABC,YABC,98
06M462,High School for International Business and Finance,High School,87.6
06M463,High School for Media and Communications,High School,62.6
06M467,High School for Law and Public Service,High School,76.9
06M468,High School for Health Careers and Sciences,High School,66.3
06M528,I.S. 528 Bea Fuller Rodgers School,Middle,26.7
06M540,A. Philip Randolph Campus High School,High School,51.3
06M552,Gregorio Luperon High School for Science and Mathematics,High School,73.3
07X001,P.S. 001 Courtlandt School,Elementary,21.8
07X005,P.S. 005 Port Morris,Elementary,39.3
07X018,P.S. 018 John Peter Zenger,Elementary,26
07X025,P.S. 025 Bilingual School,Elementary,90.6
07X029,P.S./M.S. 029 Melrose School,K-8,38.7
07X030,P.S. 030 Wilton,Elementary,58.7
07X031,P.S./M.S. 031 The William Lloyd Garrison,K-8,37.6
07X043,P.S. 043 Jonas Bronck,Elementary,64.4
07X049,P.S. 049 Willis Avenue,Elementary,39.5
07X065,P.S. 065 Mother Hale Academy,Elementary,39.7
07X151,J.H.S. 151 Lou Gehrig,Middle,63.5
07X154,P.S. 154 Jonathan D. Hyatt,Elementary,33.9
07X157,P.S. 157 Grove Hill,Elementary,56
07X161,P.S. 161 Ponce De Leon,Elementary,40.5
07X162,J.H.S. 162 Lola Rodriguez De Tio,Middle,49.8
07X179,P.S. 179,Elementary,23.8
07X203,M.S. 203,Middle,38
07X221,South Bronx Preparatory: A College Board School,High School,89.7
07X221,South Bronx Preparatory: A College Board School,Middle,28.6
07X223,M.S. 223 The Laboratory School of Finance and Technology,Middle,78.8
07X224,P.S. / I.S. 224,Middle,61.6
07X277,P.S. 277,Elementary,23.2
07X296,South Bronx Academy for Applied Media,Middle,68.8
07X298,Academy of Public Relations,Middle,65.7
07X321,Crotona Academy High School,High School Transfer,42.7
07X334,International Community High School,High School,64.1
07X343,Academy of Applied Mathematics and Technology,Middle,62.9
07X369,Young Leaders Elementary School,Elementary,20.3
07X379,Jill Chaifetz Transfer High School,High School Transfer,63.6
07X381,Bronx Haven High School,High School Transfer,56.1
07X385,Performance School,Elementary,36.9
07X427,Community School for Social Justice,High School,73.3
07X473,Mott Haven Village Preparatory High School,High School,67.8
07X495,University Heights Secondary School at Bronx Community College,High School,79.3
07X500,Hostos-Lincoln Academy of Science,High School,66.7
07X500,Hostos-Lincoln Academy of Science,Middle,65.6
07X520,Foreign Language Academy of Global Studies,High School,52.8
07X527,Bronx Leadership Academy II High School,High School,61.8
07X547,New Explorers High School,High School,45.6
07X548,Urban Assembly School for Careers in Sports,High School,92.5
07X551,Bronx Academy of Letters,High School,85
07X551,Bronx Academy of Letters,Middle,56.7
07X600,Alfred E. Smith Career and Technical Education High School,High School,49.8
07X655,Samuel Gompers Career and Technical Education High School,High School,50.3
07X670,Health Opportunities High School,High School,58.4
08X014,P.S. X014 Senator John Calandra,Elementary,20.2
08X036,P.S. 036 Unionport,Elementary,48.4
08X048,P.S. 048 Joseph R. Drake,Elementary,56.2
08X062,P.S. 062 Inocensio Casanova,Elementary,48.6
08X069,P.S. 069 The New Vision School,Elementary,80.4
08X071,P.S. 071 Rose E. Scala,K-8,39.2
08X072,P.S. 072 Dr. William Dorney,Elementary,25
08X075,P.S. 075,Elementary,52.2
08X093,P.S. 093 Albert G. Oliver,Elementary,54.4
08X100,P.S. 100 Isaac Clason,Elementary,35
08X101,M.S. X101 Edward R. Byrne,Middle,41.6
08X107,P.S. 107,Elementary,6.3
08X119,P.S. 119,Elementary,35.1
08X123,J.H.S. 123 James M. Kieran,Middle,63.2
08X125,J.H.S. 125 Henry Hudson,Middle,50.5
08X130,P.S. 130 Abram Stevens Hewitt,Elementary,33.8
08X131,J.H.S. 131 Albert Einstein,Middle,39.6
08X138,P.S. 138 Samuel Randall,Elementary,24.2
08X140,P.S. X140 The Eagle School,Elementary,24.3
08X146,P.S. 146 Edward Collins,Elementary,27.4
08X152,P.S. 152 Evergreen,Elementary,61.9
08X182,P.S. 182,Elementary,45.3
08X269,Bronx Studio School for Writers and Artists,High School,
08X269,Bronx Studio School for Writers and Artists,Middle,27.8
08X282,Women's Academy of Excellence,High School,53.4
08X293,Renaissance High School for Musical Theater & Technology,High School,82.1
08X295,Gateway School for Environmental Research and Technology,High School,60.3
08X301,M.S. 301 Paul L. Dunbar,Middle,40.7
08X302,M.S. 302 Luisa Dessus Cruz,Middle,67.1
08X304,P.S. 304 Early Childhood School,Elementary,57
08X305,Pablo Neruda Academy for Architecture and World Studies,High School,66.7
08X312,Millennium Art Academy,High School,73.8
08X332,Holcombe L. Rucker School of Community Research,High School,55.1
08X333,P.S. 333 - The Museum School,K-3,21.9
08X335,The Academy of the Arts,Elementary,42.8
08X337,The School for Inquiry and Social Justice,Middle,68.2
08X366,Urban Assembly Academy of Civic Engagement,Middle,7.9
08X367,"Archimedes Academy for Math, Science and Technology Applications",Middle,33.8
08X371,Urban Institute of Mathematics,Middle,58.4
08X375,The Bronx Mathematics Preparatory School,Middle,27.4
08X376,"Antonia Pantoja Preparatory Academy, A College Board School",Middle,39.2
08X377,Bronx Community High School,High School Transfer,52.7
08X405,Herbert H. Lehman High School,High School,36.9
08X408,Herbert H. Lehman YABC,YABC,77.5
08X424,The Hunts Point School,Middle,50.9
08X448,SOUNDVIEW ACADEMY FOR CULTURE AND SCHOLARSHIP,Middle,
08X452,Bronx Guild,High School,54.8
08X467,MOTT HALL COMMUNITY SCHOOL,Middle,
08X507,Stevenson YABC,YABC,32.4
08X519,"Felisa Rincon de Gautier Institute for Law and Public Policy, The",High School,52.3
08X530,Banana Kelly High School,High School,42.3
08X540,School for Community Research and Learning,High School,42.8
08X560,High School X560 - Bronx Academy High School,High School Transfer,35.2
08X650,Jane Addams High School for Academic Careers,High School,50.4
09X002,P.S. 002 Morrisania,Elementary,
09X004,P.S./M.S. 004 Crotona Park West,K-8,50.4
09X011,P.S. 011 Highbridge,Elementary,46.1
09X022,J.H.S. 022 Jordan L. Mott,Middle,37.3
09X028,P.S. 028 Mount Hope,Elementary,52.8
09X035,P.S. 035 Franz Siegel,Elementary,38.2
09X042,P.S. 042 Claremont,Elementary,60
09X053,P.S. 053 Basheer Quisim,Elementary,21.7
09X055,P.S. 055 Benjamin Franklin,Elementary,34.4
09X058,P.S. 058,Elementary,40.2
09X063,P.S. 063 Author's Academy,Elementary,46.7
09X064,P.S. 064 Pura Belpre,Elementary,39.5
09X070,P.S. 070 Max Schoenfeld,Elementary,31.2
09X073,P.S. 073 Bronx,Elementary,47.5
09X088,P.S. X088 - S. Silverstein Little Sparrow School,K-3,47.9
09X090,P.S. 090 George Meany,Elementary,
09X109,P.S. 109 Sedgwick,Elementary,68
09X110,P.S. 110 Theodore Schoenfeld,Elementary,52.2
09X114,P.S. X114 - Luis Llorens Torres Schools,Elementary,43.8
09X117,I.S. 117 Joseph H. Wade,Middle,59.3
09X126,P.S. 126 Dr Marjorie H Dunbar,Elementary,43.8
09X128,Mott Hall III,Middle,62.6
09X132,P.S. 132 Garret A. Morgan,Elementary,44.4
09X145,J.H.S. 145 Arturo Toscanini,Middle,55.1
09X163,P.S. 163 Arthur A. Schomburg,Elementary,33.3
09X166,J.H.S. 166 Roberto Clemente,Middle,
09X170,P.S. 170,K-2,37.5
09X199,P.S. 199X - The Shakespeare School,Elementary,58.5
09X204,P.S. 204 Morris Heights,Elementary,67.1
09X215,Kappa,Middle,46.5
09X218,P.S./I.S. 218 Rafael Hernandez Dual Language Magnet School,K-8,63.1
09X219,I.S. 219 New Venture School,Middle,44.9
09X227,Bronx Expeditionary Learning High School,High School,57.6
09X229,I.S. 229 Roland Patterson,Middle,61.6
09X230,P.S. 230 Dr Roland N. Patterson,Elementary,36.1
09X231,Eagle Academy for Young Men,High School,58.6
09X232,I.S. 232,Middle,63.8
09X236,P.S. 236 Langston Hughes,K-2,30.3
09X239,"Urban Assembly Academy for History and Citizenship for Young Men, The",High School,37.7
09X241,"Urban Assembly School for Applied Math and Science, The",High School,
09X241,"Urban Assembly School for Applied Math and Science, The",Middle,50.8
09X250,Eximius College Preparatory Academy: A College Board School,High School,69.2
09X250,Eximius College Preparatory Academy: A College Board School,Middle,
09X252,Mott Hall Bronx High School,High School,89
09X260,Bronx Center for Science and Mathematics,High School,69.3
09X263,Validus Preparatory Academy: An Expeditionary Learning School,High School,75.6
09X276,Leadership Institute,High School,45
09X297,Morris Academy for Collaborative Studies,High School,82.1
09X303,I.S. X303 Leadership & Community Service,Middle,40.7
09X313,I.S. 313 School of Leadership Development,Middle,45.9
09X323,Bronx Writing Academy,Middle,69.3
09X324,Bronx Early College Academy for Teaching & Learning,High School,
09X324,Bronx Early College Academy for Teaching & Learning,Middle,44.3
09X325,Urban Science Academy,Middle,47.2
09X327,Comprehensive Model School Project M.S. 327,Middle,75.6
09X328,New Millennium Business Academy Middle School,Middle,38.2
09X329,DreamYard Preparatory School,High School,45.2
09X339,I.S. 339,Middle,44.1
09X365,Academy for Language and Technology,High School,
09X403,Bronx International High School,High School,73.9
09X404,School for Excellence,High School,69.5
09X412,Bronx High School of Business,High School,57.9
09X413,Bronx High School for Medical Science,High School,67.6
09X413,Bronx High School for Medical Science,Middle,46.5
09X414,Jonathan Levin High School for Media and Communications,High School,55.9
09X454,SCIENCE AND TECHNOLOGY ACADEMY: A MOTT HALL SCHOOL,Middle,
09X505,"Bronx School for Law, Government and Justice",High School,66.6
09X505,"Bronx School for Law, Government and Justice",Middle,39.7
09X517,Frederick Douglass Academy III Secondary School,High School,60
09X517,Frederick Douglass Academy III Secondary School,Middle,33.1
09X525,Bronx Leadership Academy High School,High School,65.3
09X543,High School for Violin and Dance,High School,95.8
10X003,P.S. 3 Raul Julia Micro Society,K-8,57.1
10X007,P.S. 007 Kingsbridge,Elementary,36.1
10X008,P.S. 008 Issac Varian,Elementary,51.9
10X009,P.S. 9 Ryer Avenue Elementary School,Elementary,19.1
10X015,P.S. X015 Institute for Environmental Learning,K-8,75.1
10X020,P.S. 20 P.O.George J. Werdan III,K-8,43.5
10X023,P.S. 023 The New Children's School,K-2,29.7
10X024,P.S. 024 Spuyten Duyvil,Elementary,38.5
10X032,P.S. 032 Belmont,Elementary,100.6
10X033,P.S. 033 Timothy Dwight,Elementary,62.7
10X037,P.S. X037 - Multiple Intelligence School,K-8,43.3
10X045,Thomas C. Giordano Middle School 45,Middle,34.4
10X046,P.S. 046 Edgar Allan Poe,Elementary,36.2
10X051,P.S. 051 Bronx New School,Elementary,44.5
10X054,P.S. / I.S. 54,Elementary,31.2
10X056,P.S. 056 Norwood Heights,Elementary,66.7
10X059,P.S. 059 The Community School of Technology,Elementary,52.7
10X079,P.S. 079 Creston,Elementary,
10X080,J.H.S. 080 The Mosholu Parkway,Middle,50.6
10X081,P.S. 081 Robert J. Christen,Elementary,26.8
10X085,P.S. 085 Great Expectations,Elementary,40.5
10X086,P.S. 086 Kingsbridge Heights,Elementary,79
10X091,P.S. 091 Bronx,Elementary,53.3
10X094,P.S. 094 Kings College School,Elementary,37.5
10X095,P.S. 095 Sheila Mencher,K-8,49.5
10X118,J.H.S. 118 William W. Niles,Middle,39
10X141,Riverdale / Kingsbridge Academy (Middle School / High School 141),High School,75.3
10X141,Riverdale / Kingsbridge Academy (Middle School / High School 141),Middle,27.2
10X159,P.S. 159 Luis Munoz Marin Biling,Elementary,54.1
10X205,P.S. 205 Fiorello Laguardia,Elementary,64.5
10X206,I.S. 206 Ann Mersereau,Middle,54.2
10X207,P.S. 207,K-2,27.9
10X209,P.S. 209,K-2,40.3
10X213,Bronx Engineering and Technology Academy,High School,78.6
10X225,Theatre Arts Production Company School,High School,106.3
10X225,Theatre Arts Production Company School,Middle,42.7
10X226,P.S. 226,Elementary,14.8
10X228,Jonas Bronck Academy,Middle,77.1
10X237,"The Marie Curie School for Medicine, Nursing, and Health Professions",High School,82.4
10X243,West Bronx Academy for the Future,High School,49
10X243,West Bronx Academy for the Future,Middle,35
10X244,The New School for Leadership and Journalism,Middle,56.3
10X246,P.S. 246 Poe Center,Elementary,38.2
10X254,I.S. 254,Middle,66.2
10X268,Kingsbridge International High School,High School,69.4
10X279,"P.S. 279 Captain Manuel Rivera, Jr.",K-8,51.8
10X280,P.S./M.S. 280 Mosholu Parkway,K-8,60.5
10X284,Bronx School of Law and Finance,High School,59.3
10X291,P.S. 291,Elementary,56.1
10X306,P.S. 306,Elementary,11.6
10X307,P.S. X307 - Eames Place,Elementary,81.1
10X308,Bronx Dance Academy School,Middle,52.7
10X310,P.S. 310 Marble Hill,Elementary,63.6
10X315,P.S. 315 Lab School,K-8,78.4
10X319,Providing Urban Learners Success In Education High School,High School Transfer,66.2
10X331,The Bronx School of Science Inquiry and Investigation,Middle,48.8
10X340,P.S. 340,Elementary,51.4
10X342,International School for Liberal Arts,High School,65.2
10X342,International School for Liberal Arts,Middle,50.1
10X344,Ampark Neighborhood,Elementary,
10X360,P.S. 360,Elementary,46.4
10X368,In-Tech Academy (M.S. / High School 368),High School,60.7
10X368,In-Tech Academy (M.S. / High School 368),Middle,52.8
10X374,Knowledge and Power Preparatory Academy International High School (Kappa),High School,
10X382,"Elementary School for Math, Science, and Technology",K-3,21
10X386,School for Environmental Citizenship,K-3,8.5
10X390,M.S. 390,Middle,39.2
10X391,The Angelo Patri Middle School,Middle,43.7
10X396,P.S. 396,Elementary,55.2
10X397,English Language Learners and International Support Preparatory Academy (ELLIS),High School,
10X399,M.S. 399,Middle,
10X433,High School for Teaching and the Professions,High School,77.8
10X434,Belmont Preparatory High School,High School,75.3
10X437,Fordham High School for the Arts,High School,82.9
10X438,Fordham Leadership Academy for Business and Technology,High School,49.2
10X439,Bronx High School for Law and Community Service,High School,41.5
10X440,DeWitt Clinton High School,High School,48.1
10X442,"Celia Cruz Bronx High School of Music, The",High School,60.1
10X445,Bronx High School of Science,High School,73.8
10X447,CRESTON ACADEMY,Middle,
10X459,EAST FORDHAM ACADEMY FOR THE ARTS,Middle,
10X475,John F. Kennedy High School,High School,45.5
10X477,Marble Hill High School for International Studies,High School,100.5
10X503,Walton YABC,YABC,58.8
10X504,Kennedy YABC,YABC,54.5
10X546,Bronx Theatre High School,High School,53.3
10X549,Discovery High School,High School,91.5
10X660,Grace Dodge Career and Technical Education High School,High School,46.3
10X667,Grace Dodge YABC,YABC,40.8
10X696,High School of American Studies at Lehman College,High School,74.9
11X016,P.S. 016 Wakefield,Elementary,21.3
11X019,P.S. 019 Judith K. Weiss,K-8,31.2
11X021,P.S. 021 Philip H. Sheridan,Elementary,40.6
11X041,P.S. 041 Gun Hill Road,Elementary,90.8
11X068,P.S. 068 Bronx,Elementary,43.4
11X076,P.S. 076 The Bennington School,Elementary,71.6
11X078,P.S. 078 Anne Hutchinson,Elementary,34.6
11X083,P.S. 083 Donald Hertz,K-8,37.6
11X087,P.S. 087 Bronx,Elementary,22.1
11X089,P.S. 089 Bronx,K-8,36.9
11X096,P.S. 096 Richard Rodgers,Elementary,54.4
11X097,P.S. 097 Bronx,Elementary,56.4
11X103,P.S. 103 Hector Fontanez,Elementary,42.1
11X105,P.S. 105 Sen Abraham Bernstein,Elementary,48.6
11X106,P.S. 106 Parkchester,Elementary,45.4
11X108,P.S. 108 Philip J. Abinanti,Elementary,32.6
11X111,P.S. 111 Seton Falls,Elementary,34
11X112,P.S. 112 Bronxwood,Elementary,60.9
11X121,P.S. 121 Throop,Elementary,50.6
11X127,J.H.S. 127 The Castle Hill,Middle,43.2
11X142,MS 142 John Philip Sousa,Middle,27.1
11X144,J.H.S. 144 Michelangelo,Middle,39.2
11X153,P.S. 153 Hellen Keller,Elementary,47.5
11X160,P.S. 160 Walt Disney,Elementary,38.4
11X175,P.S. 175 City Island,K-8,38.8
11X178,P.S. 178 - Dr. Selman Waksman,Elementary,40.5
11X180,M.S. 180 Dr. Daniel Hale Williams,Middle,48.5
11X181,I.S. 181 Pablo Casals,Middle,59.5
11X189,Cornerstone Academy for Social Action,Elementary,7.6
11X194,PS/MS 194,K-8,42
11X249,Bronx Health Sciences High School,High School,93.3
11X253,Bronx High School for Writing and Communication Arts,High School,56.4
11X265,Bronx Lab School,High School,63.5
11X270,Academy for Scholarship and Entrepreneurship: A College Board School,High School,55.2
11X270,Academy for Scholarship and Entrepreneurship: A College Board School,Middle,11.7
11X272,Globe School for Environmental Research,Middle,14.6
11X275,High School of Computers and Technology,High School,87.5
11X287,The Forward School,Middle,46.5
11X288,Collegiate Institute for Math and Science,High School,74.3
11X289,The Young Scholars Academy of The Bronx,Middle,34.5
11X290,Bronx Academy of Health Careers,High School,85.3
11X299,Astor Collegiate Academy,High School,67.1
11X322,Aspire Preparatory Middle School,Middle,32.6
11X326,Bronx Green Middle School,Middle,31.9
11X370,School of Diplomacy,Middle,10.1
11X415,Christopher Columbus High School,High School,41.8
11X417,C Columbus Hs YABC,YABC,65.1
11X418,Bronx High School for the Visual Arts,High School,59.7
11X455,Harry S Truman High School,High School,69.5
11X456,Learning To Work YABC At Truman High School,YABC,81.1
11X462,CORNERSTONE ACADEMY FOR SOCIAL ACTION MIDDLE SCHOOL (CASA),Middle,
11X468,PELHAM ACADEMY OF ACADEMICS AND COMMUNITY ENGAGEMENT,Middle,
11X513,New World High School,High School,85.6
11X514,The Bronxwood Preparatory Academy,High School,60.1
11X541,Global Enterprise High School,High School,51.8
11X542,Pelham Preparatory Academy,High School,70.8
11X544,High School for Contemporary Arts,High School,86.5
11X545,Bronx Aerospace High School,High School,93.8
12X006,P.S. 006 West Farms,Elementary,23.5
12X044,P.S. 044 David C. Farragut,Elementary,53.9
12X047,P.S. 047 John Randolph,Elementary,26.2
12X050,P.S. 050 Clara Barton,Elementary,26.3
12X057,P.S. 057 Crescent,Elementary,50
12X061,P.S. 061 Francisco Oller,Elementary,31.7
12X066,P.S. 066 School of Higher Expectations,Elementary,51
12X067,P.S. 067 Mohegan School,Elementary,31.2
12X092,P.S. 092 Bronx,Elementary,46.7
12X098,J.H.S. 098 Herman Ridder,Middle,64.6
12X102,P.S. 102 Joseph O. Loretan,Elementary,31.4
12X129,P.S. 129 Twin Parks Upper,Middle,53.2
12X134,P.S. 134 George F. Bristow,Elementary,43.7
12X150,P.S. 150 Charles James Fox,Elementary,68
12X190,E.S.M.T- I.S. 190,Middle,52.8
12X195,P.S. 195,Elementary,31.2
12X196,P.S. 196,Elementary,43.8
12X198,P.S. 198,Elementary,
12X211,P.S. 211,K-8,72.9
12X212,P.S. 212,K-8,36.9
12X214,P.S. 214,K-8,54.7
12X216,Business School for Entrepreneurial Studies,Middle,
12X217,School of Performing Arts,Middle,64.4
12X242,Mott Hall V,Middle,79.5
12X245,New Day Academy,High School,24.1
12X245,New Day Academy,Middle,35
12X248,"Metropolitan High School, The",High School,91.6
12X251,Explorations Academy,High School,80.1
12X262,Performance Conservatory High School,High School,33.2
12X267,Bronx Latin,High School,
12X267,Bronx Latin,Middle,87
12X271,East Bronx Academy for the Future,High School,69.6
12X271,East Bronx Academy for the Future,Middle,54.7
12X273,Frederick Douglass Academy V. Middle School,Middle,46.2
12X278,Peace and Diversity Academy,High School,56
12X286,Fannie Lou Hamer Middle School,Middle,64.7
12X300,The School of Science and Applied Learning,Elementary,36
12X316,Kappa III,Middle,75.7
12X318,"I.S. X318 Math, Science & Technology Through Arts",Middle,34.2
12X341,Accion Academy,Middle,64.4
12X372,Urban Assembly School for Wildlife Conservation,Middle,19.5
12X383,Emolior Academy,Middle,54.3
12X384,Entrada Academy,Middle,69.1
12X388,Pan American International High School at Monroe,High School,
12X428,Learning To Work YABC At Monroe Academy,YABC,48.1
12X478,THE CINEMA SCHOOL,High School,
12X479,BRONX CAREER AND COLLEGE PREPARATORY HIGH SCHOOL,High School,
12X480,Bronx Regional High School,High School Transfer,57.9
12X550,High School of World Cultures,High School,76.5
12X680,Bronx Coalition Community High School,High School,
12X682,Fannie Lou Hamer Freedom High School,High School,76.8
12X684,Wings Academy,High School,66.4
12X690,Monroe Academy for Business/Law,High School,49
12X691,Bronx Little School,Elementary,32
12X692,Monroe Academy for Visual Arts & Design,High School,72.9
13K003,P.S. 003 The Bedford Village,Elementary,29.4
13K008,P.S. 008 Robert Fulton,Elementary,13.1
13K009,P.S. 009 Teunis G. Bergen,Elementary,30.7
13K011,P.S. 011 Purvis J. Behan,Elementary,49.5
13K020,P.S. 020 Clinton Hill,Elementary,22.9
13K044,P.S. 044 Marcus Garvey,Elementary,48.8
13K046,P.S. 046 Edward C. Blum,Elementary,66.2
13K054,P.S. 054 Samuel C. Barnes,Elementary,32.8
13K056,P.S. 056 Lewis H. Latimer,Elementary,54
13K067,P.S. 067 Charles A. Dorsey,Elementary,36.9
13K093,P.S. 093 William H. Prescott,Elementary,25.3
13K103,Satellite Three,Middle,36.3
13K113,M.S. 113 Ronald Edmonds Learning Center,Middle,32.7
13K133,P.S. 133 William A. Butler,Elementary,34.6
13K256,P.S. 256 Benjamin Banneker,Elementary,30.2
13K265,Dr. Susan S. McKinney Secondary School of the Arts,High School,76.4
13K265,Dr. Susan S. McKinney Secondary School of the Arts,Middle,28.1
13K266,M.S. K266 - Park Place Community Middle School,Middle,17.8
13K270,P.S. 270 Johann DeKalb,Elementary,89.1
13K282,P.S. 282 Park Slope,K-8,43
13K287,P.S. 287 Bailey K. Ashford,Elementary,57.3
13K301,Satellite East Middle School,Middle,20.7
13K305,P.S. 305 Dr. Peter Ray,Elementary,38
13K307,P.S. 307 Daniel Hale Williams,Elementary,31.2
13K313,Satellite West Middle School,Middle,53.2
13K336,Academy of Business and Community Development,High School,
13K336,Academy of Business and Community Development,Middle,22.6
13K350,Urban Assembly High School of Music and Art at Water's Edge,High School,65.4
13K412,"Brooklyn Community High School of Communication, Arts and Media",High School,56
13K419,Science Skills Center High School at Water's Edge,High School,80.5
13K430,Brooklyn Technical High School,High School,61.3
13K439,Brooklyn International High School at Water's Edge,High School,103
13K483,"Urban Assembly School for Law and Justice, The",High School,72.2
13K492,Urban Assembly Academy of Arts and Letters,Middle,44.9
13K499,ACORN Community High School,High School,71.7
13K509,Freedom Academy High School,High School,61.2
13K527,Urban Assembly Institute of Math and Science for Young Women,High School,
13K527,Urban Assembly Institute of Math and Science for Young Women,Middle,19.5
13K553,Brooklyn Academy High School,High School Transfer,76.5
13K571,M.S. 571,Middle,11.8
13K575,Bedford Stuyvesant Preparatory High School,High School Transfer,60.9
13K592,Khalil Gibran International Academy,Middle,16.3
13K595,Bedford Academy High School,High School,90.2
13K596,Knowledge and Power Preparatory Academy VII Middle School,Middle,25
13K605,George Westinghouse Career and Technical Education High School,High School,45.6
13K616,Brooklyn High School for Leadership and Community Service,High School Transfer,51.3
13K670,Benjamin Banneker Academy,High School,68.8
13K674,"CITY POLYTECHNIC HIGH SCHOOL OF ENGINEERING, ARCHITECTURE, AND TECHNOLOGY",High School,
14K016,P.S. 016 Leonard Dunkly,Elementary,13.9
14K017,P.S. 017 Henry D. Woodworth,Elementary,60.9
14K018,P.S. 018 Edward Bush,Elementary,52.1
14K019,P.S. 019 Roberto Clemente,Elementary,27.2
14K023,P.S. 023 Carter G. Woodson,Elementary,59
14K031,P.S. 031 Samuel F. Dupont,Elementary,97.4
14K034,P.S. 034 Oliver H. Perry,Elementary,57.1
14K050,J.H.S. 050 John D. Wells,Middle,45
14K059,P.S. 059 William Floyd,Elementary,12.1
14K071,Juan Morel Campos Secondary School,High School,57.6
14K071,Juan Morel Campos Secondary School,Middle,50.4
14K084,P.S. 084 Jose De Diego,Elementary,27.5
14K110,P.S. 110 The Monitor,Elementary,28.8
14K120,P.S. 120 Carlos Tapia,Elementary,35.6
14K126,John Ericsson Middle School 126,Middle,44.1
14K132,P.S. 132 The Conselyea School,Elementary,47.7
14K147,P.S. 147 Isaac Remsen,Elementary,63.7
14K157,P.S. 157 Benjamin Franklin,Elementary,50.1
14K196,P.S. 196 Ten Eyck,Elementary,62.5
14K250,P.S. 250 George H. Lindsay,Elementary,42.1
14K257,P.S. 257 John F. Hylan,Elementary,72.3
14K297,P.S. 297 Abraham Stockton,Elementary,36.1
14K318,I.S. 318 Eugenio Maria De Hostos,Middle,30.6
14K322,Foundations Academy,High School,66.7
14K330,The Urban Assembly School for the Urban Environment,Middle,41.5
14K380,P.S. 380 John Wayne Elementary,Elementary,92.9
14K404,Academy for Young Writers,High School,72.1
14K449,"Brooklyn Latin School, The",High School,60.2
14K454,Green School: An Academy for Environmental Careers,High School,47
14K474,PROGRESS High School for Professional Careers,High School,58.1
14K477,School for Legal Studies,High School,40.7
14K478,"The High School for Enterprise, Business and Technology",High School,88.7
14K488,Brooklyn Preparatory High School,High School,74.1
14K558,Williamsburg High School for Architecture and Design,High School,100.2
14K561,Williamsburg Preparatory School,High School,101.7
14K577,Conselyea Preparatory School,Middle,48.6
14K582,M.S. 582,Middle,53.2
14K586,Lyons Community School,High School,
14K586,Lyons Community School,Middle,14.3
14K610,Automotive High School,High School,52.5
14K614,Young Women's Leadership School of Brooklyn,Middle,38
14K632,Frances Perkins Academy,High School,
14K685,El Puente Academy for Peace and Justice,High School,92.6
14K923,Automotive High School YABC,YABC,63
15K001,P.S. 001 The Bergen,Elementary,36.9
15K010,"Magnet School of Math, Science and Design Technology",Elementary,58.8
15K015,P.S. 015 Patrick F. Daly,Elementary,76.8
15K024,P.S. 024,Elementary,40.1
15K027,Agnes Y. Humphrey School for Leadership,K-8,
15K029,P.S. 029 John M. Harrigan,Elementary,59
15K032,P.S. 032 Samuels Mills Sprole,Elementary,62.6
15K038,P.S. 038 The Pacific,Elementary,27.5
15K039,P.S. 039 Henry Bristow,Elementary,52.5
15K051,M.S. 51 William Alexander,Middle,65.9
15K058,P.S. 058 The Carroll,Elementary,61
15K088,J.H.S. 088 Peter Rouget,Middle,52.3
15K094,P.S. 094 The Henry Longfellow,Elementary,45.4
15K107,P.S. 107 John W. Kimball,Elementary,62.3
15K124,P.S. 124 Silas B. Dutcher,Elementary,67
15K130,P.S. 130 The Parkside,Elementary,54.3
15K131,P.S. 131 Brooklyn,Elementary,62.8
15K136,I.S. 136 Charles O. Dewey,Middle,41.1
15K146,P.S. 146,Elementary,52.2
15K154,Magnet School for Science & Technology,Elementary,40.3
15K169,P.S. 169 Sunset Park,Elementary,42.1
15K172,P.S. 172 Beacon School of Excellence,Elementary,105.1
15K230,P.S. 230 Doris L. Cohen,Elementary,34.5
15K261,P.S. 261 Philip Livingston,Elementary,45.9
15K295,P.S. 295,Elementary,70.6
15K321,P.S. 321 William Penn,Elementary,76.8
15K418,The Children's School,Elementary,70
15K429,Brooklyn School for Global Studies,High School,34.5
15K429,Brooklyn School for Global Studies,Middle,54.4
15K442,New Horizons School,Middle,56.2
15K443,New Voices School of Academic & Creative Arts,Middle,71.4
15K447,The Math & Science Exploratory School,Middle,67.1
15K448,Brooklyn Secondary School for Collaborative Studies,High School,73.7
15K448,Brooklyn Secondary School for Collaborative Studies,Middle,52.4
15K462,Secondary School for Law,High School,51.1
15K462,Secondary School for Law,Middle,34.4
15K463,Secondary School for Journalism,High School,68.3
15K463,Secondary School for Journalism,Middle,27.6
15K464,Secondary School for Research,High School,47.3
15K464,Secondary School for Research,Middle,43.3
15K497,School for International Studies,High School,67.3
15K497,School for International Studies,Middle,62.1
15K519,Cobble Hill School of American Studies,High School,65.6
15K520,Pacific High School,High School Transfer,48.8
15K529,West Brooklyn Community High School,High School Transfer,70.9
15K530,Metropolitan Corporate Academy High School,High School,48
15K656,Brooklyn High School of the Arts,High School,56.5
15K667,SUNSET PARK HIGH SCHOOL,High School,
15K676,RED HOOK NEIGHBORHOOD SCHOOL,K-3,
15K698,South Brooklyn Community High School,High School Transfer,49.9
15K821,Sunset Park Prep,Middle,69.2
16K005,P.S. 005 Dr. Ronald Mcnair,Elementary,57.8
16K021,P.S. 021 Crispus Attucks,Elementary,64.2
16K025,P.S. 025 Eubie Blake School,Elementary,35.4
16K026,P.S. 026 Jesse Owens,Elementary,33.2
16K028,P.S. 028 The Warren Prep Academy,Elementary,56.5
16K035,M.S. 035 Stephen Decatur,Middle,68.1
16K040,P.S. 040 George W. Carver,Elementary,80.3
16K057,J.H.S. 057 Whitelaw Reid,Middle,42.4
16K081,P.S. 081 Thaddeus Stevens,Elementary,42.1
16K243,P.S. 243K- The Weeksville School,Elementary,15.1
16K262,P.S. 262 El Hajj Malik El Shabazz Elementary School,Elementary,94.6
16K267,"M.S. 267 Math, Science & Technology",Middle,57.6
16K308,P.S. 308 Clara Cardwell,K-8,35.7
16K309,P.S. 309 The George E. Wibecan Preparatory Academy,Elementary,33.8
16K335,P.S. 335 Granville T. Woods,Elementary,53.7
16K385,"School of Business, Finance and Entrepreneurship",Middle,67.5
16K393,Frederick Douglass Academy IV Secondary School,High School,62.6
16K393,Frederick Douglass Academy IV Secondary School,Middle,18.1
16K455,Boys and Girls High School,High School,49.4
16K498,ACORN High School for Social Justice,High School,78.5
16K534,Upper School @ P.S. 25,Middle,38.6
16K584,M.S. 584,Middle,18.6
16K594,Gotham Professional Arts Academy,High School,
16K627,Brighter Choice Community School,K-3,20.2
16K636,Young Scholars' Academy for Discovery and Exploration,Elementary,64.7
16K688,The Brooklyn Academy of Global Finance,High School,
17K002,M.S. 002,Middle,59.1
17K006,P.S. 006,Elementary,54.2
17K012,P.S. 012,Elementary,44.9
17K022,P.S. 022,Elementary,13.6
17K061,M.S. 061 Dr. Gladstone H. Atwell,Middle,26.9
17K091,P.S. 091 The Albany Avenue School,Elementary,29.1
17K092,P.S. 092 Adrian Hegeman,Elementary,29.7
17K138,P.S. 138 Brooklyn,K-8,59.5
17K161,P.S. 161 The Crown,K-8,21.3
17K167,P.S. 167 The Parkway,Elementary,20.7
17K181,P.S. 181 Brooklyn,K-8,32.2
17K189,P.S. 189 Lincoln Terrace,K-8,50.2
17K191,P.S. 191 Paul Robeson,Elementary,36.2
17K221,P.S. 221 Toussaint L'Ouverture,Elementary,36.8
17K241,P.S. 241 Emma L. Johnston,Elementary,32.6
17K246,M.S. 246 Walt Whitman,Middle,51.4
17K249,P.S. 249 The Caton,K-3,65.7
17K289,P.S. 289 George V. Brower,Elementary,55.2
17K316,P.S. 316 Elijah Stroud,Elementary,68.8
17K334,Middle School for Academic and Social Excellence,Middle,43.4
17K340,I.S. 340,Middle,47.5
17K352,Ebbets Field Middle School,Middle,49.7
17K353,Elijah Stroud Middle School,Middle,70.9
17K354,The School of Integrated Learning,Middle,75.2
17K375,P.S. 375 Jackie-Robinson School,Elementary,44.5
17K382,Academy for College Preparation and Career Exploration: A College Board School,High School,60.4
17K382,Academy for College Preparation and Career Exploration: A College Board School,Middle,28.8
17K394,M.S. K394,K-8,36.8
17K397,P.S. 397 Foster-Laurie,Elementary,41.1
17K398,P.S. 398 Walter Weaver,Elementary,53.8
17K399,P.S. 399 Stanley Eugene Clark,Elementary,86.3
17K408,Academy of Hospitality and Tourism,High School,44.6
17K467,Erasmus YABC,YABC,52.9
17K484,Ronald Edmonds Learning Center II,Middle,40
17K489,W.E.B. Dubois Academic High School,High School Transfer,49.8
17K524,International High School at Prospect Heights,High School,66.7
17K528,"High School for Global Citizenship, The",High School,56.2
17K531,"School for Human Rights, The",High School,78
17K531,"School for Human Rights, The",Middle,46.9
17K533,School for Democracy and Leadership,High School,57.3
17K533,School for Democracy and Leadership,Middle,36.6
17K537,High School for Youth and Community Development at Erasmus,High School,57.1
17K539,High School for Service & Learning at Erasmus,High School,86
17K543,"Science, Technology and Research Early College High School at Erasmus",High School,79.2
17K543,"Science, Technology and Research Early College High School at Erasmus",Middle,36.9
17K544,International Arts Business School,High School,47.7
17K546,High School for Public Service: Heroes of Tomorrow,High School,82.2
17K547,Brooklyn Academy of Science and the Environment,High School,71.7
17K548,Brooklyn School for Music & Theatre,High School,77.3
17K568,Brownsville Academy High School,High School Transfer,66.6
17K587,Middle School for the Arts,Middle,16.5
17K590,Medgar Evers College Preparatory School,High School,69.4
17K590,Medgar Evers College Preparatory School,Middle,54.1
17K600,Clara Barton High School,High School,49.4
17K625,Paul Robeson High School,High School,55.4
18K066,P.S. 66,K-8,59.1
18K068,I.S. 068 Isaac Bildersee,Middle,39.4
18K114,P.S. 114 Ryder Elementary,Elementary,16
18K115,P.S. 115 Daniel Mucatel School,Elementary,53.6
18K135,P.S. 135 Sheldon A. Brookner,Elementary,50.8
18K208,P.S. 208 Elsa Ebeling,Elementary,56
18K211,I.S. 211 John Wilson,Middle,50.3
18K219,P.S. 219 Kennedy-King,Elementary,36.1
18K233,P.S. 233 Langston Hughes,Elementary,36.1
18K235,P.S. 235 Lenox School,K-8,50.2
18K244,P.S. 244 Richard R. Green,Elementary,57.4
18K268,P.S. 268 Emma Lazarus,Elementary,36.5
18K272,P.S. 272 Curtis Estabrook,Elementary,40.4
18K276,P.S. 276 Louis Marshall,Elementary,34.8
18K279,P.S. 279 Herman Schreiber,Elementary,35.1
18K285,I.S. 285 Meyer Levin,Middle,32
18K366,THE SCIENCE AND MEDICINE MIDDLE SCHOOL,Middle,
18K415,Samuel J. Tilden High School,High School,
18K500,Canarsie High School,High School,
18K501,Learning To Work YABC At Canarsie High School,YABC,47.8
18K515,South Shore High School,High School,
18K563,It Takes a Village Academy,High School,
18K566,Brooklyn Generation School,High School,
18K567,Brooklyn Theatre Arts High School,High School,
18K569,Kurt Hahn Expeditionary Learning School,High School,
18K576,Victory Collegiate High School,High School,
18K578,Brooklyn Bridge Academy,High School Transfer,50.4
18K581,East Flatbush Community Research School,Middle,17.1
18K588,Middle School for Art and Philosophy,Middle,32.7
18K589,Arts & Media Preparatory Academy,High School,
18K598,Middle School of Marketing and Legal Studies,Middle,37.6
18K617,High School for Innovation in Advertising and Media,High School,
18K629,Cultural Academy for the Arts and Sciences,High School,
18K633,High School for Medical Professions,High School,
18K635,Olympus Academy,High School Transfer,
18K637,Academy for Conservation and the Environment,High School,
18K642,Urban Action Academy,High School,
18K673,EAST BROOKLYN COMMUNITY HIGH SCHOOL,High School Transfer,
18K922,South Shore Educational Complex YABC,YABC,47.2
19K007,P.S. 007 Abraham Lincoln,Elementary,48.8
19K013,P.S. 013 Roberto Clemente,Elementary,32.9
19K065,P.S. 065,Elementary,72.3
19K072,P.S./I.S. 072 Annette P Goldman,K-8,
19K089,P.S. 089 Cypress Hills,K-8,49.6
19K108,P.S. 108 Sal Abbracciamento,Elementary,45.2
19K149,P.S. 149 Danny Kaye,Elementary,32.6
19K158,P.S. 158 Warwick,Elementary,38.3
19K159,P.S. 159 Isaac Pitkin,Elementary,26.3
19K166,J.H.S. 166 George Gershwin,Middle,39.5
19K171,I.S. 171 Abraham Lincoln,Middle,37.6
19K174,P.S. 174 Dumont,K-8,30.4
19K190,P.S. 190 Sheffield,Elementary,62.1
19K202,P.S. 202 Ernest S. Jenkyns,K-8,12.5
19K213,P.S. 213 New Lots,Elementary,33.8
19K214,P.S. 214 Michael Friedsam,Elementary,43.5
19K218,J.H.S. 218 James P. Sinnott,Middle,59.7
19K224,P.S. 224 Hale A. Woodruff,Elementary,40.8
19K260,P.S. 260 Breuckelen,Elementary,16.3
19K273,P.S. 273 Wortman,Elementary,33.8
19K290,P.S. 290 Juan Morel Campos,Elementary,45.3
19K292,J.H.S. 292 Margaret S. Douglas,Middle,40.6
19K302,J.H.S. 302 Rafael Cordero,Middle,30.2
19K306,P.S. 306 Ethan Allen,K-8,41.5
19K311,Essence School,Middle,43.9
19K328,P.S. 328 Phyllis Wheatley,K-8,44.2
19K345,P.S. 345 Patrolman Robert Bolden,Elementary,44.2
19K346,P.S. 346 Abe Stark,Elementary,32.9
19K364,I.S. 364 Gateway,Middle,50.4
19K409,East New York Family Academy,High School,59.2
19K409,East New York Family Academy,Middle,50.3
19K420,Franklin K. Lane High School,High School,
19K431,Thomas Jefferson YABC,YABC,61.1
19K452,Frederick Douglass Academy VIII Middle School,Middle,43.2
19K502,FDNY High School for Fire and Life Safety,High School,56.2
19K504,High School for Civil Rights,High School,65.2
19K507,Performing Arts and Technology High School,High School,58
19K510,World Academy for Total Community Health High School,High School,67.1
19K583,Multicultural High School,High School,
19K615,Transit Tech Career and Technical Education High School,High School,62
19K618,Academy of Innovative Technology,High School,
19K639,Brooklyn Lab School,High School,
19K659,Cypress Hills Collegiate Preparatory School,High School,38.9
19K660,W. H. Maxwell Career and Technical Education High School,High School,58
19K677,EAST NEW YORK ELEMENTARY SCHOOL OF EXCELLENCE,K-3,
19K678,EAST NEW YORK MIDDLE SCHOOL OF EXCELLENCE,Middle,
19K683,"THE SCHOOL FOR CLASSICS: AN ACADEMY OF THINKERS, WRITERS AND PERFORMERS",High School,
20K030,I.S. 30 Mary White Ovington,Middle,70
20K048,P.S. 048 Mapleton,Elementary,52.5
20K062,J.H.S. 062 Ditmas,Middle,66
20K069,P.S. 69 Vincent D. Grippo School,Elementary,75.6
20K102,P.S. 102 The Bayview,Elementary,45.9
20K104,P.S./I.S. 104 The Fort Hamilton School,K-8,57.8
20K105,P.S. 105 The Blythebourne,Elementary,69.6
20K112,P.S. 112 Lefferts Park,Elementary,53.7
20K127,P.S. 127 Mckinley Park,Elementary,25.8
20K160,P.S. 160 William T. Sampson,Elementary,44.8
20K163,P.S. 163 Bath Beach,Elementary,65.6
20K164,P.S. 164 Caesar Rodney,Elementary,85.9
20K170,Ralph A. Fabrizio School,Elementary,53.6
20K176,P.S. 176 Ovington,Elementary,63.1
20K179,P.S. 179 Kensington,Elementary,38.8
20K180,The SEEALL Academy,K-8,46.1
20K185,P.S. 185 Walter Kassenbrock,Elementary,40.2
20K186,P.S. 186 Dr. Irving A Gladstone,Elementary,54.3
20K187,I.S. 187,Middle,84.9
20K192,P.S. 192 - The Magnet School for Math and Science Inquiry,K-8,74
20K200,P.S. 200 Benson School,Elementary,48.3
20K201,J.H.S. 201 The Dyker Heights,Middle,63.7
20K204,P.S. 204 Vince Lombardi,Elementary,58.7
20K205,P.S. 205 Clarion,Elementary,57.4
20K220,J.H.S. 220 John J. Pershing,Middle,50.4
20K223,J.H.S. 223 The Montauk,Middle,60.3
20K227,J.H.S. 227 Edward B. Shallow,Middle,54
20K229,P.S. 229 Dyker,Elementary,52.7
20K247,P.S. 247 Brooklyn,Elementary,81.4
20K259,J.H.S. 259 William Mckinley,Middle,74.7
20K445,New Utrecht High School,High School,68.5
20K485,High School of Telecommunication Arts and Technology,High School,77.4
20K490,Fort Hamilton High School,High School,69.5
20K503,PS 503: The School of Discovery,Elementary,45.2
20K505,Franklin Delano Roosevelt High School,High School,64.9
24Q128,P.S. 128 Juniper Valley,Elementary,62
20K506,P.S. 506: The School of Journalism & Technology,Elementary,48.3
20K609,Urban Assembly School for Criminal Justice,Middle,45.5
20K658,Franklin Delano Roosevelt YABC,YABC,74.8
21K090,P.S. 90 Edna Cohen School,Elementary,49.3
21K095,P.S. 095 The Gravesend,K-8,35.5
21K096,I.S. 096 Seth Low,Middle,46.5
21K097,P.S. 97 The Highlawn,Elementary,61.8
21K098,I.S. 98 Bay Academy,Middle,62.8
21K099,P.S. 099 Isaac Asimov,K-8,66.9
21K100,P.S. 100 The Coney Island School,Elementary,53.5
21K101,P.S. 101 The Verrazano,Elementary,57.4
21K121,P.S. 121 Nelson A. Rockefeller,K-8,59.8
21K128,P.S. 128 Bensonhurst,Elementary,54.7
21K153,P.S. 153 Homecrest,Elementary,50.9
21K177,P.S. 177 The Marlboro,Elementary,62.1
21K188,P.S. 188 Michael E. Berdy,Elementary,33.3
21K199,P.S. 199 Frederick Wachtel,Elementary,56.6
21K209,P.S. 209 Margaret Mead,K-8,41
21K212,P.S. 212 Lady Deborah Moody,Elementary,57.7
21K215,P.S. 215 Morris H. Weiss,Elementary,37.9
21K216,P.S. 216 Arturo Toscanini,Elementary,55
21K225,P.S. K225 - The Eileen E. Zaglin,K-8,62
21K226,P.S. 226 Alfred De B.Mason,K-8,70.8
21K228,I.S. 228 David A. Boody,Middle,40.4
21K238,P.S. 238 Anne Sullivan,K-8,44.7
21K239,Mark Twain I.S. 239 for the Gifted & Talented,Middle,71.7
21K253,P.S. 253,Elementary,60.8
21K281,I.S. 281 Joseph B Cavallaro,Middle,54.4
21K288,P.S. 288 The Shirley Tanyhill,K-8,57.1
21K303,I.S. 303 Herbert S. Eisenberg,Middle,55.7
21K329,P.S. 329 Surfside,Elementary,37.5
21K337,International High School at Lafayette,High School,48.2
21K344,Rachel Carson High School for Coastal Studies,High School,59.1
21K348,High School of Sports Management,High School,67.8
21K400,Lafayette High School,High School,
21K410,Abraham Lincoln High School,High School,50.8
21K411,Abraham Lincoln YABC,YABC,62.6
21K468,Kingsborough Early College School,High School,
21K468,Kingsborough Early College School,Middle,52.7
21K525,Edward R. Murrow High School,High School,70.1
21K540,John Dewey High School,High School,55.5
21K559,Life Academy High School for Film and Music,High School,
21K572,Expeditionary Learning School for Community Leaders,High School,
21K620,William E. Grady Career and Technical Education High School,High School,46
21K690,Brooklyn Studio Secondary School,High School,70.4
21K690,Brooklyn Studio Secondary School,Middle,70.2
21K728,Liberation Diploma Plus,High School Transfer,85
22K014,J.H.S. 014 Shell Bank,Middle,42
22K052,P.S. 052 Sheepshead Bay,Elementary,43.6
22K078,J.H.S. 078 Roy H. Mann,Middle,42
22K109,P.S. 109,K-8,46.8
22K119,P.S. 119 Amersfort,Elementary,52.6
22K134,P.S. K134,Elementary,64.8
22K139,P.S. 139 Alexine A. Fenty,Elementary,22.5
22K152,School of Science & Technology,Elementary,35.8
22K193,P.S. 193 Gil Hodges,Elementary,51.8
22K194,P.S. 194 Raoul Wallenberg,Elementary,37
22K195,P.S. 195 Manhattan Beach,Elementary,67.8
22K197,P.S. 197 Brooklyn,Elementary,68.6
22K198,P.S. 198 Brooklyn,Elementary,29.2
22K203,P.S. 203 Floyd Bennett,Elementary,35.2
22K206,P.S. 206 Joseph F Lamb,K-8,66.1
22K207,P.S. 207 Elizabeth G. Leary,K-8,40.4
22K217,P.S. 217 Colonel David Marcus School,Elementary,49.5
22K222,P.S. 222 Katherine R. Snyder,Elementary,77.6
22K234,J.H.S. 234 Arthur W. Cunningham,Middle,54.2
22K236,P.S. 236 Mill Basin,Elementary,44.3
22K240,Andries Hudde,Middle,43.3
22K245,P.S. 245,Elementary,61.3
22K251,P.S. 251 Paerdegat,Elementary,38.7
22K254,P.S. 254 Dag Hammarskjold,Elementary,59.3
22K255,P.S. 255 Barbara Reing School,Elementary,75.8
22K269,P.S. 269 Nostrand,Elementary,29.8
22K277,P.S. 277 Gerritsen Beach,Elementary,58.5
22K278,J.H.S. 278 Marine Park,Middle,24.8
22K312,P.S. 312 Bergen Beach,Elementary,36.1
22K315,P.S. K315,Elementary,53.2
22K361,P.S. 361 East Flatbush Early Childhood School,K-2,23.3
22K381,I. S. 381,Middle,33.8
22K405,Midwood High School,High School,65.8
22K425,James Madison High School,High School,59.6
22K495,Sheepshead Bay High School,High School,57.2
22K535,Leon M. Goldstein High School for the Sciences,High School,64.5
22K555,Brooklyn College Academy,High School,74.2
22K555,Brooklyn College Academy,Middle,58
23K041,P.S. 041 Francis White,K-8,40.9
23K073,P.S. 073 Thomas S. Boyland,K-8,34.2
23K137,P.S./I.S. 137 Rachel Jean Mitchell,K-8,26.6
23K150,P.S. 150 Christopher,K-8,28.4
23K155,P.S./ I.S. 155 Nicholas Herkimer,K-8,45.9
23K156,P.S. 156 Waverly,Elementary,25.4
23K165,P.S. 165 Ida Posner,K-8,37.2
23K178,P.S. 178 Saint Clair Mckelway,K-8,46
23K184,P.S. 184 Newport,K-8,35.9
23K284,P.S. 284 Lew Wallace,K-8,38
23K298,P.S. 298 Dr. Betty Shabazz,K-8,21.8
23K323,P.S./I.S. 323,K-8,46
23K327,P.S. 327 Dr. Rose B. English,K-8,27.5
23K332,P.S. 332 Charles H. Houston,K-8,11.7
23K392,I.S. 392,Middle,50.9
23K493,Brooklyn Collegiate: A College Board School,High School,53.7
23K493,Brooklyn Collegiate: A College Board School,Middle,4.4
23K514,Frederick Douglass Academy VII High School,High School,63.9
23K518,Kappa V,Middle,36.4
23K522,Mott Hall IV,Middle,11.1
23K631,General D. Chappie James Elementary School of Science,Elementary,24.5
23K634,General D. Chappie James Middle School of Science,Middle,28.3
23K643,Brooklyn Democracy Academy,High School Transfer,69
23K644,Eagle Academy for Young Men II,Middle,65.9
23K645,EBC/ENY High School for Public Safety & Law,High School,
23K646,Aspirations Diploma Plus High School,High School Transfer,32
23K647,Metropolitan Diploma Plus High School,High School Transfer,54.2
23K697,Teachers Preparatory High School,High School,76.9
23K697,Teachers Preparatory High School,Middle,35.5
24Q005,I.S. 5 - The Walter Crowley Intermediate School,Middle,65.4
24Q007,P.S. 007 Louis F. Simeone,K-3,38.9
24Q012,P.S. 012 James B. Colgate,Elementary,65
24Q013,P.S. 013 Clement C. Moore,Elementary,48.7
24Q014,P.S. 014 Fairview,Elementary,68.8
24Q016,P.S. Q016,Elementary,57.7
24Q019,P.S. 019 Marino Jeantet,Elementary,54.8
24Q028,P.S. 28 - The Thomas Emanuel Early Childhood Center,K-2,62.9
24Q049,P.S. 049 Dorothy Bonawit Kole,Elementary,40.2
24Q058,P.S. 58 - School of Heroes,Elementary,58.9
24Q061,I.S. 061 Leonardo Da Vinci,Middle,53.9
24Q068,P.S. 068 Cambridge,Elementary,55.6
24Q071,P.S. 071 Forest,Elementary,36
24Q073,I.S. 73 - The Frank Sansivieri Intermediate School,Middle,64.5
24Q077,I.S. 077,Middle,46.9
24Q081,P.S. 81Q Jean Paul Richter,Elementary,62.4
24Q087,P.S. 087 Middle Village,K-8,57.5
24Q088,P.S. 088 Seneca,Elementary,35.1
24Q089,P.S. 089 Elmhurst,Elementary,64.8
24Q091,P.S. 091 Richard Arkwright,Elementary,45.7
24Q093,I.S. 093 Ridgewood,Middle,59.9
24Q102,P.S. 102 Bayview,K-8,60.4
24Q113,P.S. 113 Isaac Chauncey,Elementary,61.3
24Q119,I.S. 119 The Glendale,Middle,26.1
24Q125,I.S. 125 Thom J. McCann Woodside,Middle,55.6
24Q143,P.S. 143 Louis Armstrong,Elementary,34.6
24Q153,P.S. 153 Maspeth Elem,Elementary,58.8
24Q199,P.S. 199 Maurice A. Fitzgerald,Elementary,52.2
24Q229,P.S. 229 Emanuel Kaplan,Elementary,76.8
24Q239,P.S. 239,Elementary,51.8
24Q264,Academy of Finance and Enterprise,High School,92.4
24Q267,High School of Applied Communication,High School,78.1
24Q293,Civic Leadership Academy,High School,
24Q296,Pan American International High School,High School,
24Q299,Bard High School Early College II,High School,76.6
24Q455,Newtown High School,High School,53.7
24Q457,HS Arts & Business YABC,YABC,35
24Q485,Grover Cleveland High School,High School,60
24Q520,Middle College High School at LaGuardia Community College,High School,65.2
24Q530,International High School at LaGuardia Community College,High School,76.1
24Q550,High School for Arts and Business,High School,86.9
24Q560,"Robert F. Wagner, Jr. Secondary School for Arts and Technology",High School,51.5
24Q560,"Robert F. Wagner, Jr. Secondary School for Arts and Technology",Middle,62.5
24Q600,Queens Vocational and Technical High School,High School,72.8
24Q610,Aviation Career & Technical Education High School,High School,79
24Q744,VOYAGES Preparatory,High School Transfer,58.2
24Q877,51 Avenue Academy (The Path To Academic Excellence),Elementary,78.1
25Q020,P.S. 020 John Bowne,Elementary,56.6
25Q021,P.S. 021 Edward Hart,Elementary,53
25Q022,P.S. 022 Thomas Jefferson,Elementary,61.3
25Q024,P.S. 024 Andrew Jackson,Elementary,75.7
25Q025,I.S. 025 Adrien Block,Middle,42.6
25Q029,P.S. 029 Queens,Elementary,52.9
25Q032,P.S. 032 State Street,Elementary,69.1
25Q079,P.S. 079 Francis Lewis,Elementary,34.5
25Q107,P.S. 107 Thomas A Dooley,Elementary,47.7
25Q120,P.S. 120 Queens,Elementary,61.3
25Q129,P.S. 129 Patricia Larkin,Elementary,47
25Q130,P.S. 130,K-3,56
25Q154,P.S. 154 Queens,Elementary,38.6
25Q163,P.S. 163 Flushing Heights,Elementary,44.9
25Q164,P.S. 164 Queens Valley,K-8,71.5
25Q165,P.S. 165 Edith K. Bergtraum,Elementary,48.3
25Q169,P.S. 169 Bay Terrace,Elementary,38.4
25Q184,P.S. 184 Flushing Manor,Elementary,58.7
25Q185,J.H.S. 185 Edward Bleeker,Middle,62.3
25Q189,J.H.S. 189 Daniel Carter Beard,Middle,46.6
25Q193,P.S. 193 Alfred J. Kennedy,Elementary,10.9
25Q194,J.H.S. 194 William Carr,Middle,64.1
25Q200,PS/MS 200 - The Pomonok School & STAR Academy,K-8,50.3
25Q201,P.S. 201 The Discovery School for Inquiry and Research,Elementary,62.1
25Q209,P.S. 209 Clearview Gardens,Elementary,70.8
25Q214,P.S. 214 Cadwallader Colden,Elementary,62.1
25Q219,P.S. 219 Paul Klapper,K-8,80.9
25Q237,I.S. 237,Middle,65.1
25Q242,P.S. 242 Leonard P. Stavisky Early Childhood School,K-3,55.8
25Q250,I.S. 250 The Robert F. Kennedy Community Middle School,Middle,38.2
25Q252,"Queens School of Inquiry, The",High School,
25Q252,"Queens School of Inquiry, The",Middle,71.2
25Q263,Flushing International High School,High School,64.5
25Q281,East-West School of International Studies,High School,79.5
25Q281,East-West School of International Studies,Middle,62.1
25Q285,World Journalism Preparatory: A College Board School,High School,72
25Q285,World Journalism Preparatory: A College Board School,Middle,42
25Q294,BELL Academy,Middle,78.9
25Q425,John Bowne High School,High School,61.1
25Q460,Flushing High School,High School,51.2
25Q467,Flushing YABC,YABC,84.1
25Q499,"The Queens College School for Math, Science and Technology",K-8,60.5
25Q525,Townsend Harris High School,High School,80.4
25Q540,Queens Academy High School,High School Transfer,48.2
25Q670,Robert F. Kennedy Community High School,High School,46.9
25Q792,North Queens Community High School,High School Transfer,67.3
26Q018,P.S. 018 Winchester,Elementary,60.9
26Q026,P.S. 026 Rufus King,Elementary,64.4
26Q031,P.S. 031 Bayside,Elementary,74.7
26Q041,P.S. 041 Crocheron,Elementary,69.2
26Q046,P.S. 046 Alley Pond,Elementary,83.3
26Q067,J.H.S. 067 Louis Pasteur,Middle,50.3
26Q074,J.H.S. 074 Nathaniel Hawthorne,Middle,71.1
26Q094,P.S. 094 David D. Porter,Elementary,56.1
26Q098,P.S. 098 The Douglaston School,Elementary,56.9
26Q115,P.S. 115 Glen Oaks,Elementary,50.5
26Q133,P.S. 133 Queens,Elementary,79.1
26Q158,M.S. 158 Marie Curie,Middle,55.3
26Q159,P.S. 159,Elementary,82.5
26Q162,P.S. 162 John Golden,Elementary,56.5
26Q172,Irwin Altman Middle School 172,Middle,55.3
26Q173,P.S. 173 Fresh Meadows,Elementary,65.7
26Q178,P.S./ IS 178 Holliswood,K-8,53.5
26Q186,P.S. 186 Castlewood,Elementary,54.8
26Q188,P.S. 188 Kingsbury,Elementary,73.1
26Q191,P.S. 191 Mayflower,Elementary,65.2
26Q203,P.S. 203 Oakland Gardens,Elementary,68.7
26Q205,P.S. 205 Alexander Graham Bell,Elementary,80.3
26Q213,P.S. 213 The Carl Ullman School,Elementary,62.6
26Q216,J.H.S. 216 George J. Ryan,Middle,71.5
26Q221,P.S. 221 North Hills,Elementary,66.5
26Q266,P.S. / I.S. 266,K-8,50.3
26Q415,Benjamin N. Cardozo High School,High School,63
26Q430,Francis Lewis High School,High School,68
26Q435,Martin Van Buren High School,High School,52.7
26Q495,Bayside High School,High School,69.4
26Q566,"Queens High School of Teaching, Liberal Arts and the Sciences",High School,61.8
27Q042,P.S. 042 R. Vernam,K-8,28.5
27Q043,P.S. 043,K-8,40.4
27Q045,P.S. 045 Clarence Witherspoon,Elementary,52.3
27Q047,P.S. 047 Chris Galas,K-8,73
27Q053,M.S. 053 Brian Piccolo,Middle,39.6
27Q056,P.S. 056 Harry Eichler,Elementary,40.8
27Q060,P.S. 060 Woodhaven,Elementary,60.5
27Q062,P.S. 062 Chester Park,Elementary,35.5
27Q063,P.S. 063 Old South,Elementary,61.7
27Q064,P.S. 064 Joseph P. Addabbo,Elementary,31.2
27Q065,P.S. 65 - The Raymond York Elementary School,Elementary,38.9
27Q066,P.S. 066 Jacqueline Kennedy Onassis,Elementary,74.3
27Q090,P.S. 090 Horace Mann,Elementary,54.4
27Q096,P.S. 096,Elementary,54.8
27Q097,P.S. 097 Forest Park,Elementary,74.3
27Q100,P.S. 100 Glen Morris,Elementary,42.6
27Q104,P.S. 104 The Bays Water,Elementary,39.2
27Q105,P.S. 105 The Bay School,K-8,12.1
27Q106,P.S. 106,Elementary,45.8
27Q108,P.S. 108 Captain Vincent G. Fowler,Elementary,64
27Q114,P.S. / M.S. 114 Belle Harbor,K-8,41.2
27Q123,P.S. 123,Elementary,40.9
27Q124,P.S. 124 Osmond A Church,K-8,39.7
27Q137,M.S. 137 America's School of Heroes,Middle,47.5
27Q146,P.S. 146 Howard Beach,K-8,42.6
27Q155,P.S. 155,Elementary,31
27Q183,P.S. 183 Dr. Richard R. Green,K-8,48.1
27Q197,P.S. 197 The Ocean School,Elementary,66
27Q202,J.H.S. 202 Robert H. Goddard,Middle,51.9
27Q207,P.S. 207 Rockwood Park,K-8,57.6
27Q210,J.H.S. 210 Elizabeth Blackwell,Middle,35.8
27Q215,P.S. 215 Lucretia Mott,Elementary,27.2
27Q223,P.S. 223 Lyndon B. Johnson,Elementary,40.8
27Q225,P.S. 225 Seaside,K-8,
27Q226,J.H.S. 226 Virgil I. Grissom,Middle,36.3
27Q232,P.S. 232 Lindenwood,K-8,60.2
27Q253,P.S. 253,Elementary,37
27Q254,P.S. 254,Elementary,89.6
27Q260,Frederick Douglass Academy VI High School,High School,51.4
27Q262,Channel View School for Research,High School,85.1
27Q262,Channel View School for Research,Middle,60.8
27Q282,Knowledge and Power Preparatory Academy VI,Middle,27
27Q302,"Queens High School for Information, Research, and Technology",High School,
27Q308,Robert H. Goddard High School of Communication Arts and Technology,High School,
27Q309,Academy of Medical Technology: A College Board School,High School,
27Q309,Academy of Medical Technology: A College Board School,Middle,18.5
27Q317,WATERSIDE CHILDREN'S STUDIO SCHOOL,K-3,
27Q318,WATERSIDE SCHOOL FOR LEADERSHIP,Middle,
27Q319,VILLAGE ACADEMY,Middle,
27Q323,Scholars' Academy,High School,
27Q323,Scholars' Academy,Middle,77.1
27Q333,Goldie Maple Academy,K-8,39.6
27Q400,August Martin High School,High School,49.6
27Q410,Beach Channel High School,High School,37.8
27Q465,Far Rockaway High School,High School,
27Q475,Richmond Hill High School,High School,52.1
27Q480,John Adams High School,High School,60.6
27Q487,John Adams YABC,YABC,96.3
27Q650,"High School for Construction Trades, Engineering and Architecture",High School,76.1
28Q008,J.H.S. 008 Richard S. Grossley,Middle,35.3
28Q030,P.S. 030 Queens,Elementary,25
28Q040,P.S. 040 Samuel Huntington,Elementary,25.5
28Q048,P.S. 048 William Wordsworth,Elementary,22.3
28Q050,P.S. 050 Talfourd Lawn Elementary School,Elementary,45.1
28Q054,P.S. 054 Hillside,Elementary,33.9
28Q055,P.S. 055 Maure,Elementary,34.5
28Q072,Catherine & Count Basie Middle School 72,Middle,42
28Q080,P.S. 080 Thurgood Marshall Magnet,Elementary,31
28Q082,P.S. 082 Hammond,Elementary,57.8
28Q086,P.S. Q086,Elementary,41.2
28Q099,P.S. 099 Kew Gardens,Elementary,68.8
28Q101,P.S. 101 School in the Gardens,Elementary,46.3
28Q117,P.S. 117 J. Keld / Briarwood School,Elementary,44.3
28Q121,P.S. 121 Queens,Elementary,67.4
28Q139,P.S. 139 Rego Park,Elementary,40.1
28Q140,P.S. 140 Edward K Ellington,Elementary,36.8
28Q144,P.S. 144 Col Jeromus Remsen,Elementary,56
28Q157,J.H.S. 157 Stephen A. Halsey,High School,
28Q157,J.H.S. 157 Stephen A. Halsey,Middle,67.7
28Q160,P.S. 160 Walter Francis Bishop,Elementary,43.9
28Q161,P.S. 161 Arthur Ashe School,Elementary,71.8
28Q174,P.S. 174 William Sidney Mount,Elementary,52.4
28Q175,P.S. 175 The Lynn Gross Discovery School,Elementary,69.6
28Q182,P.S. 182 Samantha Smith,K-2,19.1
28Q190,J.H.S. 190 Russell Sage,High School,
28Q190,J.H.S. 190 Russell Sage,Middle,39.6
28Q196,P.S. 196 Grand Central Parkway,Elementary,80.7
28Q206,P.S. 206 The Horace Harding School,Elementary,33.7
28Q217,J.H.S. 217 Robert A. Van Wyck,Middle,57.8
28Q220,P.S. 220 Edward Mandel,Elementary,61.9
28Q284,York Early College Academy,High School,
28Q284,York Early College Academy,Middle,47.9
28Q310,Queens Collegiate: A College Board School,High School,
28Q440,Forest Hills High School,High School,70.3
28Q470,Jamaica High School,High School,45
28Q505,Hillcrest High School,High School,57.1
28Q620,Thomas A. Edison Career and Technical Education High School,High School,70.1
28Q680,Queens Gateway to Health Sciences Secondary School,High School,67.1
28Q680,Queens Gateway to Health Sciences Secondary School,Middle,53.1
28Q687,Queens High School for the Sciences at York College,High School,72.3
28Q690,High School for Law Enforcement and Public Safety,High School,60
28Q896,"Young Women's Leadership School, Queens",High School,
28Q896,"Young Women's Leadership School, Queens",Middle,36.3
29Q015,P.S. 015 Jackie Robinson,Elementary,31.2
29Q033,P.S. 033 Edward M. Funk,Elementary,15
29Q034,P.S. 034 John Harvard,Elementary,54.5
29Q035,P.S. 035 Nathaniel Woodhull,Elementary,12.3
29Q036,P.S. 036 Saint Albans School,Elementary,25.4
29Q037,Cynthia Jenkins School,Elementary,13.2
29Q038,P.S. 038 Rosedale,Elementary,52.8
29Q052,P.S. 052 Queens,Elementary,64.4
29Q059,I.S. 059 Springfield Gardens,Middle,27.6
29Q095,P.S. 095 Eastwood,Elementary,52.7
29Q109,Jean Nuzzi Intermediate School,Middle,42.2
29Q116,PS/IS 116 William C. Hughley,K-8,21.1
29Q118,P.S. 118 Lorraine Hansberry,Elementary,5.1
29Q131,P.S. 131 Abigail Adams,Elementary,41.9
29Q132,P.S. 132 Ralph Bunche,Elementary,36.5
29Q134,P.S. 134 Hollis,Elementary,57.4
29Q135,The Bellaire School,Elementary,37.1
29Q136,P.S. 136 Roy Wilkins,Elementary,41.3
29Q138,P.S. 138 Sunrise,K-8,29.9
29Q147,PS/MS 147 Ronald McNair,K-8,18
29Q156,P.S. 156 Laurelton,K-8,30
29Q176,P.S. 176 Cambria Heights,Elementary,36.1
29Q181,P.S. 181 Brookfield,Elementary,16.6
29Q192,I.S. 192 The Linden,Middle,44.5
29Q195,P.S. 195 William Haberle,Elementary,24.4
29Q208,P.S. / I.S. 208,K-8,42.8
29Q231,I.S. 231 Magnetech 2000,Middle,28.7
29Q238,I.S. 238 Susan B Anthony,Middle,42.1
29Q248,Queens Preparatory Academy,High School,70
29Q251,P.S. 251 Queens,K-3,22.7
29Q259,Pathways College Preparatory School: A College Board School,High School,72.7
29Q259,Pathways College Preparatory School: A College Board School,Middle,28.4
29Q265,Excelsior Preparatory High School,High School,73.2
29Q268,PS/IS 268,K-8,51.4
29Q270,The Gordon Parks School,K-8,31.1
29Q272,George Washington Carver High School for the Sciences,High School,79.6
29Q283,Preparatory Academy for Writers: A College Board School,High School,61.7
29Q283,Preparatory Academy for Writers: A College Board School,Middle,34.2
29Q295,P.S./I.S. 295,K-8,56
29Q492,"Mathematics, Science Research and Technology Magnet High School",High School,48.5
29Q494,"Law, Government and Community Service High School",High School,41.4
29Q496,"Business, Computer Applications & Entrepreneurship High School",High School,46.6
29Q498,Humanities & Arts Magnet High School,High School,55.8
30Q002,P.S. 002 Alfred Zimberg,Elementary,58.9
30Q010,I.S. 010 Horace Greeley,Middle,59.1
30Q011,P.S. 011 Kathryn Phelan,Elementary,50.4
30Q017,P.S. 017 Henry David Thoreau,Elementary,23.1
30Q069,P.S. 069 Jackson Heights,Elementary,63.3
30Q070,P.S. 070 Queens,Elementary,38.9
30Q076,P.S. 076 William Hallet,Elementary,68.2
30Q078,P.S. 078,Elementary,42.2
30Q084,P.S. 084 Steinway,K-8,38
30Q085,P.S. 085 Judge Charles Vallone,Elementary,40.2
30Q092,P.S. 092 Harry T. Stewart Sr.,Elementary,64.8
30Q111,P.S. 111 Jacob Blackwell,K-8,19.4
30Q112,P.S. 112 Dutch Kills,Elementary,44.9
30Q122,P.S. 122 Mamie Fay,K-8,80
30Q126,Albert Shanker School for Visual and Performing Arts,Middle,41.4
30Q127,P.S. 127 Aerospace Science Magne,K-8,46.8
30Q141,I.S. 141 The Steinway,Middle,77.9
30Q145,I.S. 145 Joseph Pulitzer,Middle,51.9
30Q148,P.S. 148 Queens,Elementary,42.2
30Q149,P.S. 149 Christa Mcauliffe,Elementary,52.9
30Q150,P.S. 150 Queens,Elementary,42.5
30Q151,P.S. 151 Mary D. Carter,Elementary,35.3
30Q152,P.S. 152 Gwendolyn Alleyne,Elementary,61.2
30Q166,P.S. 166 Henry Gradstein,Elementary,51.2
30Q171,P.S. 171 Peter G. Van Alst,Elementary,25.4
30Q204,I.S. 204 Oliver W. Holmes,Middle,65.2
30Q212,P.S. 212,Elementary,46.9
30Q222,P.S. Q222 - Fire Fighter Christopher A. Santora School,K-2,41.5
30Q227,I.S. 227 Louis Armstrong,Middle,69.6
30Q228,P.S. 228 Early Childhood Magnet School of the Arts,K-2,51.4
30Q230,I.S. 230,Middle,65.7
30Q234,P.S. 234,Elementary,67.3
30Q235,Academy for New Americans,Middle,74.6
30Q286,"Young Women's Leadership School, Astoria",High School,
30Q286,"Young Women's Leadership School, Astoria",Middle,66.3
30Q301,Academy for Careers in Television and Film,High School,
30Q445,William Cullen Bryant High School,High School,56.1
30Q450,Long Island City High School,High School,55.4
30Q501,Frank Sinatra School of the Arts High School,High School,75.2
30Q502,Information Technology High School,High School,70.2
30Q555,Newcomers High School,High School,80.5
30Q575,Academy of American Studies,High School,70.5
30Q580,Baccalaureate School for Global Education,High School,71.4
30Q580,Baccalaureate School for Global Education,Middle,56.1
31R001,P.S. 001 Tottenville,Elementary,56
31R002,I.S. R002 George L. Egbert,Middle,36.2
31R003,P.S. 003 The Margaret Gioiosa School,Elementary,39.6
31R004,P.S. 004 Maurice Wollin,Elementary,23.5
31R005,P.S. 005 Huguenot,Elementary,34.6
31R006,P.S. 6 Corporal Allan F. Kivlehan School,Elementary,31.7
31R007,I.S. 007 Elias Bernstein,Middle,56.6
31R008,P.S. 8 Shirlee Solomon,Elementary,77.3
31R011,P.S. 11 Thomas Dongan School,Elementary,46.3
31R013,P.S. 013 M. L. Lindemeyer,Elementary,40.1
31R014,P.S. 014 Cornelius Vanderbilt,Elementary,17.1
31R016,P.S. 016 John J. Driscoll,Elementary,32.8
31R018,P.S. 018 John G. Whittier,Elementary,42.6
31R019,P.S. 019 The Curtis School,Elementary,50.2
31R020,P.S. 020 Port Richmond,Elementary,21.3
31R021,P.S. 21 Margaret Emery-Elm Park,Elementary,58.5
31R022,P.S. 022 Graniteville,Elementary,48.9
31R023,P.S. 023 Richmondtown,Elementary,40.9
31R024,I.S. 024 Myra S. Barnes,Middle,37.6
31R026,P.S. 026 The Carteret School,Elementary,21
31R027,I.S. 027 Anning S. Prall,Middle,37.7
31R029,P.S. 029 Bardwell,Elementary,35.3
31R030,P.S. 030 Westerleigh,Elementary,30
31R031,P.S. 031 William T. Davis,Elementary,48.6
31R032,P.S. 032 The Gifford School,Elementary,48.6
31R034,I.S. 034 Tottenville,Middle,62.6
31R035,P.S. 35 The Clove Valley School,Elementary,37.8
31R036,P.S. 036 J. C. Drumgoole,Elementary,24.5
31R038,P.S. 038 George Cromwell,Elementary,49.6
31R039,P.S. 39 Francis J. Murphy Jr.,Elementary,25.6
31R041,P.S. 041 New Dorp,Elementary,12.6
31R042,P.S. 042 Eltingville,Elementary,30.5
31R044,P.S. 044 Thomas C. Brown,Elementary,36.2
31R045,P.S. 045 John Tyler,Elementary,11.6
31R046,P.S. 046 Albert V. Maniscalco,Elementary,21.4
31R047,CSI High School for International Studies,High School,78.7
31R048,P.S. 048 William C. Wilcox,Elementary,49.8
31R049,I.S. 49 Berta A. Dreyfus,Middle,44.8
31R050,P.S. 050 Frank Hankinson,Elementary,41.6
31R051,I.S. 051 Edwin Markham,Middle,43.9
31R052,P.S. 052 John C. Thompson,Elementary,30.3
31R053,P.S. 053 Bay Terrace,Elementary,48.5
31R054,P.S. 054 Charles W. Leng,Elementary,18
31R055,P.S. 055 Henry M. Boehm,Elementary,5.7
31R056,P.S. 56 The Louis Desario School,Elementary,20.4
31R057,P.S. 057 Hubert H. Humphrey,Elementary,63.1
31R058,Space Shuttle Columbia School,Elementary,38.6
31R060,P.S. 060 Alice Austen,Elementary,39.4
31R061,I.S. 061 William A Morris,Middle,31.5
31R063,Marsh Avenue School for Expeditionary Learning,Middle,61.1
31R064,Gaynor McCown Expeditionary Learning School,High School,
31R069,P.S. 069 Daniel D. Tompkins,Elementary,31
31R072,I.S. 072 Rocco Laurie,Middle,56.8
31R075,I.S. 075 Frank D. Paulo,Middle,47.1
31R080,The Michael J. Petrides School,High School,87.6
31R080,The Michael J. Petrides School,K-8,18.8
31R440,New Dorp High School,High School,75.7
31R445,Port Richmond High School,High School,65.3
31R450,Curtis High School,High School,69.8
31R455,Tottenville High School,High School,68.4
31R460,Susan E. Wagner High School,High School,78.7
31R470,Concord High School,High School Transfer,77.9
31R600,Ralph R. McKee Career and Technical Education High School,High School,76
31R605,Staten Island Technical High School,High School,77.4
31R607,Staten Island YABC,YABC,48.5
31R861,Staten Island School of Civic Leadership,Middle,
32K045,P.S. 045 Horace E. Greene,Elementary,64.9
32K075,P.S. 075 Mayda Cortiella,Elementary,33
32K086,P.S. 086 The Irvington,Elementary,37.5
32K106,P.S. 106 Edward Everett Hale,Elementary,46.2
32K116,P.S. 116 Elizabeth L Farrell,Elementary,64.4
32K123,P.S. 123 Suydam,Elementary,33.1
32K145,P.S. 145 Andrew Jackson,Elementary,53.7
32K151,P.S. 151 Lyndon B. Johnson,Elementary,34.2
32K162,J.H.S. 162 The Willoughby,Middle,37.4
32K274,P.S. 274 Kosciusko,Elementary,58.6
32K291,J.H.S. 291 Roland Hayes,Middle,35.2
32K296,J.H.S. 296 The Halsey School,Middle,16.2
32K299,P.S. 299 Thomas Warren Field,Elementary,55
32K347,I.S. 347 School of Humanities,Middle,40.5
32K349,"I.S. 349 Math, Science & Tech.",Middle,35.6
32K376,P.S. 376,Elementary,48.8
32K377,P.S. 377 Alejandrina B. De Gautier,K-8,41.7
32K383,J.H.S. 383 Philippa Schuyler,Middle,30.1
32K384,P.S. /I.S. 384 Frances E. Carter,K-8,62.1
32K403,Academy for Environmental Leadership,High School,84.4
32K545,EBC High School for Public Service - Bushwick,High School,48.5
32K549,Bushwick School for Social Justice,High School,85.9
32K552,Academy of Urban Planning,High School,66.1
32K554,All City Leadership Secondary School,High School,82.4
32K554,All City Leadership Secondary School,Middle,40.2
32K556,Bushwick Leaders High School for Academic Excellence,High School,64.3
32K564,Bushwick Community High School,High School Transfer,56.3
75K036,P.S. 36,Middle,39.3
75K053,P.S. K053,Middle,56.8
75K140,P.S. K140,K-8,42
75K141,P.S. K141,Middle,43.6
75K231,P.S. K231,Elementary,48.1
75K368,P.S. 368,Middle,31.4
75K369,P.S. K369 - Coy L. Cox School,K-8,55.8
75K372,P.S. 372 -The Children's School,Elementary,97.7
75K771,P.S. K771,K-8,74.5
75M094,P.S. M094,Elementary,51.2
75M138,P.S. 138,K-8,76
75M169,P.S. M169 - Robert F. Kennedy,Middle,36.1
75M811,P.S. M811 - Mickey Mantle School,Elementary,30.3
75Q004,P.S. Q004,Elementary,65
75Q009,P.S. 009,K-8,54.8
75Q023,P.S. Q023 @ Queens Children Center,K-8,55
75Q075,Robert E. Peary School,K-8,47.9
75Q224,P.S. Q224,Elementary,57.5
75Q256,P.S. Q256,Middle,63.5
75R025,South Richmond High School I.S./P.S. 25,Middle,45.8
75R373,P.S. R373,Elementary,56.1
75X010,P.S. X010,Elementary,66.5
75X017,P.S. X017,Middle,72.1
75X168,P.S. 168,Elementary,40.6
75X186,P186X Walter J. Damrosch School,K-8,33.4
75X188,P.S. X188,Middle,41.2
75X352,The Vida Bogart School for All Children,Elementary,58.6
75X723,X723,K-8,42.1
79K657,Region 8 YABC,YABC,45.8
84K355,Williamsburg Collegiate Charter School,High School,
84K355,Williamsburg Collegiate Charter School,Middle,84.9
84K356,Achievement First- Crown Heights Charter School,High School,
84K356,Achievement First- Crown Heights Charter School,K-8,38.5
84K357,Kipp Amp (Always Mentally Prepared) Charter School,High School,
84K357,Kipp Amp (Always Mentally Prepared) Charter School,Middle,33.2
84K358,Achievement First East New York School,Elementary,34.5
84K359,The Uft Charter School,High School,
84K359,The UFT Charter School,K-8,13
84K362,Hellenic Classical Charter School,K-8,23.1
84K473,Williamsburg Charter High School,High School,43.7
84K508,Achievement First Endeavor Charter School,Middle,38.3
84K513,East New York Preparatory Charter School,Elementary,
84K517,Leadership Prep Charter School,Elementary,44.4
84K536,Community Roots Charter School,Elementary,17.6
84K538,Achievement First Bushwick Charter School,K-8,43.8
84K593,Excellence Charter School of Bedford Stuyvesant,Elementary,40.6
84K608,Kings Collegiate Charter School,Middle,69.1
84K648,Bedford Stuyvesant Collegiate Charter School,Middle,69.3
84K652,Brooklyn Ascend Charter School,K-3,33.2
84K693,Believe Northside Charter High School,High School,
84K694,Believe Southside Charter High School,High School,
84K701,Brooklyn Charter School,Elementary,24.8
84K702,Community Partnership Charter,Elementary,41.4
84K703,Beginning With Children Charter School,K-8,37.3
84K704,Explore Charter School,K-8,47.9
84K707,Brooklyn Prospect Charter School,Middle,
84K710,Brownsville Collegiate Charter School,Middle,
84K726,Fahari Academy Charter School,Middle,
84K730,Summit Academy Charter School,Middle,
84K731,Brooklyn Excelsior Charter,K-8,80.2
84K740,Brooklyn Scholars Charter School,Elementary,
84K744,Coney Island Preparatory Public Charter School,Middle,
84M279,The Opportunity Charter School,High School,
84M279,The Opportunity Charter School,Middle,30.9
84M284,Harlem Children's Zone/Promise Academy Charter School,High School,
84M284,Harlem Children's Zone/Promise Academy Charter School,K-8,41.2
84M320,Manhattan Charter School,Elementary,46.9
84M329,Harlem Link Charter School,Elementary,19.1
84M330,Girls Preparatory Charter School of New York,Elementary,27.3
84M335,Leadership Village Academy Charter School,High School,
84M335,Leadership Village Academy Charter School,Middle,69.2
84M336,Kipp Infinity Charter School,High School,
84M336,Kipp Infinity Charter School,Middle,80.4
84M341,Harlem Children's Zone/Promise Academy II,Elementary,35.9
84M350,Democracy Prep Charter School,High School,
84M350,Democracy Prep Charter School,Middle,88.9
84M351,Harlem Success Academy 1 Charter School,Elementary,68.4
84M353,New Heights Academy Charter School,High School,76.8
84M353,New Heights Academy Charter School,Middle,30.5
84M355,Ross Global Academy Charter School,K-8,0.1
84M388,St. HOPE Leadership Academy Charter School,Middle,45.3
84M430,The Equity Project Charter School (TEP),Middle,
84M702,Sisulu-Walker Charter School,Elementary,11.2
84M704,Harbor Sciences and Arts Charter School,K-8,34
84M705,Amber Charter School,Elementary,38.8
84M707,John V. Lindsay Wildcat Academy Charter School,High School Transfer,70
84M708,Harlem Day Charter School,Elementary,10.2
84M709,Harlem Village Academy Charter School,High School,
84M709,Harlem Village Academy Charter School,Middle,49.2
84M726,KIPP S.T.A.R. College Preparatory,High School,
84M726,KIPP S.T.A.R. College Preparatory,Middle,51.3
84M861,Future Leaders Institute Charter School,K-8,12.3
84Q170,Peninsula Preparatory Academy Charter School,Elementary,39.3
84Q704,Merrick Academy Charter School,Elementary,13.9
84Q705,"Renaissance Charter School, The",High School,67
84Q705,"Renaissance Charter School, The",K-8,49.5
84Q706,Our World Neighborhood Charter,K-8,29.5
84R067,John W. Lavelle Preparatory Charter School,Middle,
84X165,Grand Concourse Charter School,Elementary,44.6
84X185,The Bronx Lighthouse Charter School,K-8,49.1
84X255,Bronx Charter School for Excellence,Elementary,76.3
84X309,South Bronx Charter School For Int'L Culture & The Arts,Elementary,59
84X345,Hyde Leadership Charter School,High School,
84X345,Hyde Leadership Charter School,K-8,35.7
84X346,South Bronx Classical Charter School,Elementary,23.1
84X347,International Leadership Charter School,High School,57.1
84X378,Carl C. Icahn Bronx North Charter School,Elementary,29.3
84X393,Green Dot NY Charter School,High School,
84X395,"NYC CHARTER HIGH SCHOOL FOR ARCHITECTURE, ENGINEERING AND CONSTRUCTION INDUSTRIES",High School,
84X407,Bronx Charter School for Children,Elementary,15.3
84X419,Bronx Academy of Promise Charter School,K-3,50
84X422,CARL C. ICAHN SOUTH BRONX CHARTER SCHOOL,K-3,56.7
84X488,The Equality Charter School,Middle,
84X703,Bronx Prep Charter School,High School,55.6
84X703,Bronx Prep Charter School,Middle,34.8
84X704,Kipp Academy Charter School,High School,
84X704,Kipp Academy Charter School,K-8,71.4
84X705,Family Life Academy Charter School,Elementary,44.5
84X706,Harriet Tubman Charter School,K-8,35.1
84X717,Carl C. Icahn Charter School,K-8,53.5
84X718,Bronx Charter School for Better Learning,Elementary,33.9
84X730,Bronx Charter School for Arts,Elementary,43.7
